codigo,articulo,uxb,precio caja,precio unitario,cantidad_normalizada,unidad_estandar,precio_estandar
2,OLIOVITA CLASICO PET 250ML,12,68150.498,5679.208,0.25,LT,22716.832
3,OLIOVITA CLASICO BT 250ML,12,75841.11,6320.092,0.25,LT,25280.368
4,OLIOVITA CLASICO PET 500ML,12,112851.741,9404.312,0.5,LT,18808.624
5,OLIOVITA MEDITERRANEO PET 500ML,12,112851.741,9404.312,0.5,LT,18808.624
6,OLIOVITA CLASICO BT 500ML,12,133699.48,11141.623,0.5,LT,22283.246
8,OLIOVITA CLASICO BT 1LTS,6,119313.31,19885.552,,,
9,OLIOVITA CLASICO (BIDON) 5LTS,2,206475.984,103237.992,,,
10,OLIOVITA VARIETAL ARBEQUINA BT 500ML,12,147487.544,12290.629,0.5,LT,24581.258
11,OLIOVITA ORGANICO BT 250ML,12,125841.051,10486.754,0.25,LT,41947.016
13,CASALTA CLASICO BT 400ML,12,53606.762,4467.23,0.4,LT,11168.074999999999
14,CASALTA REDUCCION BT 400ML,12,70459.632,5871.636,0.4,LT,14679.09
15,CASALTA AHUMADO BT 400ML,12,48246.086,4020.507,0.4,LT,10051.2675
21,CASALTA GLAZE ORIGINAL PET 250ML,12,38793.1,3232.758,0.25,LT,12931.032
26,CASALTA ALCOHOL PET 500ML,12,9499.368,791.614,0.5,LT,1583.228
27,CASALTA VINO PET 1LTS,12,23593.843,1966.154,,,
28,CASALTA VINO PET 500ML,12,15126.54,1260.545,0.5,LT,2521.09
29,CASALTA MANZANA PET 1LTS,12,30491.971,2540.998,,,
30,CASALTA MANZANA PET 500ML,12,18942.525,1578.544,0.5,LT,3157.088
71,BACARDI BLANCO 1LTS,12,272254.669,22687.889,,,
72,BACARDI ORO 1LTS,12,272254.669,22687.889,,,
73,GREY GOOSE 750ML,6,672803.193,112133.866,0.75,LT,149511.82133333333
74,BOMBAY 750ML,12,469463.408,39121.951,0.75,LT,52162.60133333333
80,GANCIA AMERICANO 950ML,12,83693.749,6974.479,0.95,LT,7341.556842105264
84,FERNET 1882 750ML,6,54243.406,9040.568,0.75,LT,12054.090666666665
93,PRINCIPE DE LOS APOSTOLES 750ML,6,88337.141,14722.857,0.75,LT,19630.476
94,CASALTA GLAZE MOSTAZA PET 250ML,12,38239.985,3186.665,0.25,LT,12746.66
99,GUINDADO VICENTE PORTA 750ML,6,79440.591,13240.099,0.75,LT,17653.465333333334
102,JACK DANIELS TW 700ML,12,446271.357,37189.28,0.7,LT,53127.54285714286
104,JAGERMEISTER 700ML,6,216773.618,36128.936,0.7,LT,51612.76571428572
105,JACK DANIELS HONEY 750ML,12,446271.357,37189.28,0.75,LT,49585.706666666665
110,BAILEYS CREAM 750ML,12,376685.395,31390.45,0.75,LT,41853.933333333334
111,JOHNNIE WALKER RED LABEL 1LTS,12,495119.469,41259.956,,,
112,JOHNNIE WALKER BLACK LABEL 1LTS,12,834467.412,69538.951,,,
113,SMIRNOFF 21 700ML,12,109673.968,9139.497,0.7,LT,13056.424285714285
120,OLIOVITA APRILE BT 500ML,4,173901.457,43475.364,0.5,LT,86950.728
123,MARTINI ROSSO 995ML,12,86189.456,7182.455,0.995,LT,7218.547738693467
124,MARTINI BIANCO 995ML,12,82718.652,6893.221,0.995,LT,6927.860301507537
130,AMARGO OBRERO 950ML,12,56984.543,4748.712,0.95,LT,4998.644210526317
131,JOHNNIE WALKER DOUBLE BLACK LABEL 750ML,6,418648.664,69774.777,0.75,LT,93033.03600000001
134,JOHNNIE WALKER GREEN LABEL 750ML,6,1293209.261,215534.877,0.75,LT,287379.836
136,JOHNNIE WALKER SWING 750ML,12,1722959.357,143579.946,0.75,LT,191439.92799999999
138,VELHO BARREIRO 910ML,12,105600.0,8800.0,0.91,LT,9670.32967032967
142,TANQUERAY 700ML,6,196120.293,32686.716,0.7,LT,46695.30857142858
143,ARYTZA MOSTAZA DIJON 850GR,6,58625.774,9770.962,0.85,KG,11495.249411764706
144,ARYTZA MOSTAZA A LA ANTIGUA 850GR,6,57283.2,9547.2,0.85,KG,11232.000000000002
145,ARYTZA MOSTAZA A LA ANTIGUA (BALDE) 4.5KG,1,39531.375,39531.375,4.5,KG,8784.75
146,ARYTZA MOSTAZA A LA MIEL (BALDE) 4.5KG,1,39531.375,39531.375,4.5,KG,8784.75
147,MISTRAL 750ML,6,99808.591,16634.765,0.75,LT,22179.686666666665
149,ABSOLUT BLUE VODKA 700ML,12,247676.78,20639.732,0.7,LT,29485.33142857143
150,AMARULA 750ML,12,487050.489,40587.541,0.75,LT,54116.72133333333
151,MARTINI EXTRA DRY 995ML,12,120295.314,10024.61,0.995,LT,10074.984924623117
161,JOHNNIE WALKER BLUE LABEL 750ML,6,2792916.467,465486.078,0.75,LT,620648.1039999999
166,FERNET BRANCA 1LTS,6,119307.839,19884.64,,,
211,BIALCOHOL EXTRA NEUTRO 1LTS,6,38270.948,6378.491,,,
222,BIALCOHOL 96% 500ML,12,26970.89,2247.574,0.5,LT,4495.148
237,PIMM'S BITTER 750ML,12,119947.149,9995.596,0.75,LT,13327.461333333333
241,ARYTZA MOSTAZA ALEMANA (BALDE) 4.5KG,1,37219.162,37219.162,4.5,KG,8270.924888888889
249,PUNT E MES 750ML,6,45348.41,7558.068,0.75,LT,10077.424
252,ANGOSTURA BITTER 200ML,12,421552.902,35129.408,0.2,LT,175647.04
253,CHIVAS REGAL 12YO 700ML,6,309009.28,51501.547,0.7,LT,73573.63857142857
257,HAVANA CLUB 3 AÑOS 750ML,12,171403.242,14283.604,0.75,LT,19044.805333333334
258,MALIBU 750ML,12,174069.833,14505.819,0.75,LT,19341.092
261,ZACAPA CENTENARIO 23YO 750ML,6,772185.464,128697.577,0.75,LT,171596.76933333333
264,TRES PLUMAS TRIPLE SEC 700ML,6,34404.236,5734.039,0.7,LT,8191.484285714286
267,ABSOLUT ELYX 1LTS,6,426216.877,71036.146,,,
268,BEEFEATER 1LTS,6,161089.022,26848.17,,,
269,BEEFEATER 24 700ML,6,256468.012,42744.669,0.7,LT,61063.81285714286
270,CHIVAS REGAL EXTRA 13YO 700ML,6,386248.287,64374.714,0.7,LT,91963.87714285715
271,JAMESON 1LTS,12,527132.802,43927.734,,,
273,TIA MARIA 690ML,6,48350.196,8058.366,0.69,LT,11678.791304347827
274,WYBOROWA 700ML,12,73252.05,6104.337,0.7,LT,8720.48142857143
293,JOHNNIE WALKER 18YO 750ML,6,1431535.916,238589.319,0.75,LT,318119.092
296,HAVANA CLUB AÑEJO ESPECIAL 750ML,12,182985.072,15248.756,0.75,LT,20331.674666666666
299,OLD PARR 12YO 750ML,12,633578.107,52798.176,0.75,LT,70397.568
304,GORDONS 700ML,6,83066.269,13844.378,0.7,LT,19777.68285714286
305,TRES PLUMAS AMARETTO 700ML,6,32170.997,5361.833,0.7,LT,7659.761428571429
306,CUSENIER GRANADINA 750ML,12,53231.518,4435.96,0.75,LT,5914.613333333334
309,CHIVAS REGAL ROYAL SALUTE 21YO 700ML,6,1736971.308,289495.218,0.7,LT,413564.59714285715
310,ARYTZA MOSTAZA DIJON (BALDE) 4.5KG,1,39829.725,39829.725,4.5,KG,8851.05
311,ARYTZA MOSTAZA CLASICA (BALDE) 4.5KG,1,37219.162,37219.162,4.5,KG,8270.924888888889
317,TIA MARIA CREAMY 690ML,6,68195.417,11365.903,0.69,LT,16472.3231884058
319,HAVANA CLUB 7 AÑOS 700ML,12,392441.496,32703.458,0.7,LT,46719.22571428571
321,APEROL SPRITZ 750ML,6,56121.049,9353.508,0.75,LT,12471.344
323,CYNAR 750ML,6,49439.049,8239.841,0.75,LT,10986.454666666667
329,HENDRICKS 700ML,6,332942.954,55490.492,0.7,LT,79272.13142857143
331,MONKEY 47 DRY GIN 500ML,6,390673.802,65112.3,0.5,LT,130224.6
335,JAMESON BLACK BARREL 700ML,6,329367.654,54894.609,0.7,LT,78420.87
336,CHIVAS REGAL 12YO 1LTS,12,804977.81,67081.484,,,
340,COINTREAU 700ML,6,295257.601,49209.6,0.7,LT,70299.42857142858
342,MARE GIN 700ML,6,248855.535,41475.922,0.7,LT,59251.317142857144
354,BEEFEATER 700ML,12,271213.917,22601.16,0.7,LT,32287.37142857143
355,LUXARDO AMARETTO DI SASCHIRA 750ML,6,436346.721,72724.454,0.75,LT,96965.93866666667
356,ABSENTA VAN GOGH 750ML,6,538205.838,89700.973,0.75,LT,119601.29733333334
358,THE GLENLIVET FOUNDERS RESERVE 700ML,12,723322.015,60276.835,0.7,LT,86109.7642857143
359,THE GLENLIVET 15YO 700ML,6,709227.112,118204.519,0.7,LT,168863.5985714286
360,ABERLOUR 12YO 700ML,3,237362.374,79120.791,0.7,LT,113029.70142857142
361,SCAPA SKIREN 700ML,6,600554.101,100092.35,0.7,LT,142989.07142857145
362,DISARONNO AMARETTO 700ML,12,404659.2,33721.6,0.7,LT,48173.71428571429
383,LA ORDEN DEL LIBERTADOR 10YO 750ML,6,203599.44,33933.24,0.75,LT,45244.32
386,CASALTA ALCOHOL PET 1LTS,12,13468.367,1122.364,,,
389,ARYTZA PIMENTON AHUMADO 95GR,12,61221.42,5101.785,0.095,KG,53703.0
394,SLITZ KIRSCHWASSER 1LTS,8,56688.129,7086.016,,,
405,CYNAR 70 750ML,6,56120.894,9353.482,0.75,LT,12471.309333333333
424,HIERROQUINA 1LTS,6,44937.714,7489.619,,,
425,HESPERIDINA 1LTS,6,74768.152,12461.359,,,
431,CLYNELISH 14YO 750ML,6,1034131.946,172355.324,0.75,LT,229807.09866666666
433,LONGMORN DISTILLERS CHOICE 700ML,6,1071044.493,178507.415,0.7,LT,255010.59285714288
441,BORGHETTI LICOR DE CAFE 700ML,6,96366.514,16061.086,0.7,LT,22944.408571428572
442,LUXARDO MARRASCHINO 750ML,6,635671.053,105945.176,0.75,LT,141260.23466666669
444,LUXARDO LIMONCELLO 750ML,6,436346.721,72724.454,0.75,LT,96965.93866666667
452,FAVINCO ESPESO AHUMADO PET 250ML,15,38818.81,2587.921,0.25,LT,10351.684
453,FAVINCO ESPESO AHUMADO PET 500ML,15,59452.92,3963.528,0.5,LT,7927.056
459,CALAVERA 750ML,6,167010.02,27835.003,0.75,LT,37113.33733333334
461,BUCHANANS DELUXE 750ML,12,821836.848,68486.404,0.75,LT,91315.20533333333
464,BIOFRUT JUGO NARANJA 1LTS,12,18344.074,1528.673,,,
484,MAKERS MARK 750ML,12,909403.026,75783.586,0.75,LT,101044.78133333333
485,JIM BEAM WHITE LABEL 750ML,12,457814.642,38151.22,0.75,LT,50868.293333333335
487,CRAGGANMORE 750ML,6,976724.007,162787.334,0.75,LT,217049.77866666668
488,SMIRNOFF RASPBERRY 700ML,6,60312.25,10052.042,0.7,LT,14360.06
493,BEEFEATER PINK 700ML,6,161201.725,26866.954,0.7,LT,38381.36285714286
502,LUXARDO EUGANEA 750ML,6,392171.033,65361.839,0.75,LT,87149.11866666666
503,LUXARDO DE CESARI SAMBUCA C/ESTUCHE 750ML,6,370932.316,61822.053,0.75,LT,82429.404
504,EVAN WILLIAMS BLACK BOURBON 750ML,12,606272.199,50522.683,0.75,LT,67363.57733333333
507,JAMAICA GOLD 1LTS,8,70155.18,8769.398,,,
508,GREY GOOSE MINIATURA 50ML,6,77142.858,12857.143,0.05,LT,257142.86
509,CHIVAS REGAL MIZUNARA 700ML,12,1075274.418,89606.202,0.7,LT,128008.86000000002
518,DRAMBUIE 750ML,12,602000.421,50166.702,0.75,LT,66888.936
519,THE BOTANIST ISLAY 700ML,6,528000.0,88000.0,0.7,LT,125714.28571428572
523,JOHNNIE WALKER GOLD RESERVE 750ML,6,694328.603,115721.434,0.75,LT,154295.24533333333
524,DIPLOMATICO MANTUANO 700ML,6,359377.944,59896.324,0.7,LT,85566.17714285715
558,BENCHMARK N8 750ML,12,311731.2,25977.6,0.75,LT,34636.799999999996
560,LILLET BLANC 750ML,6,104843.545,17473.924,0.75,LT,23298.565333333332
566,GIOVANNONI VERMOUTH ROSSO 750ML,6,89082.026,14847.004,0.75,LT,19796.005333333334
569,CASALTA ESTACIONADO ROBLE BT 400ML,6,40373.23,6728.872,0.4,LT,16822.18
573,GIOVANNONI VERMOUTH DRY 750ML,6,89082.026,14847.004,0.75,LT,19796.005333333334
577,HAVANA CLUB SELECCION DE MAESTROS 700ML,6,716357.378,119392.896,0.7,LT,170561.28
578,SHERIDANS 750ML,6,290335.975,48389.329,0.75,LT,64519.10533333333
579,GOLDEN AGE CHERRY 750ML,6,149002.815,24833.802,0.75,LT,33111.736
580,GOLDEN AGE APRICOT 750ML,6,149002.815,24833.802,0.75,LT,33111.736
581,BEZIERS LICOR DE CASSIS 750ML,6,142069.21,23678.202,0.75,LT,31570.936
583,CAOL ILA 12YO 750ML,6,976683.526,162780.588,0.75,LT,217040.78399999999
585,OLIOVITA MEDITERRANEO PET 250ML,12,68150.498,5679.208,0.25,LT,22716.832
586,OLIOVITA MEDITERRANEO BT 500ML,12,133699.48,11141.623,0.5,LT,22283.246
588,GOLDEN AGE MARASCHINO 750ML,6,149002.815,24833.802,0.75,LT,33111.736
589,YZAGUIRRE VERMOUTH ROSSO 1LTS,6,238080.003,39680.0,,,
590,YZAGUIRRE VERMOUTH RESERVA 1LTS,6,345600.006,57600.001,,,
591,YZAGUIRRE VERMOUTH WHITE 1LTS,6,238080.003,39680.0,,,
593,GRANTS TRIPLE WOOD 750ML,12,347667.525,28972.294,0.75,LT,38629.725333333336
595,GLENFIDDICH 12YO 750ML,12,1455075.297,121256.275,0.75,LT,161675.03333333333
596,MONKEY SHOULDER 700ML,6,320819.073,53469.846,0.7,LT,76385.49428571429
599,JIM BEAM BLACK LABEL 750ML,12,770265.538,64188.795,0.75,LT,85585.06
600,JIM BEAM HONEY 750ML,12,408768.537,34064.045,0.75,LT,45418.72666666666
601,ANCHO REYES 750ML,6,341392.715,56898.786,0.75,LT,75865.048
607,CAMPARI 750ML,12,112245.032,9353.753,0.75,LT,12471.670666666667
615,MAKERS MARK 375ML,12,608976.233,50748.019,0.375,LT,135328.05066666668
616,OLIOVITA CLASICO PET 1LTS,12,227112.344,18926.029,,,
617,PRINCIPE DE LOS APOSTOLES FUERZA GAUCHA 750ML,6,97170.84,16195.14,0.75,LT,21593.52
620,ARYTZA MAYONESA CLASICA 340GR,12,57283.2,4773.6,0.34,KG,14040.0
621,ARYTZA MAYONESA AHUMADA 340GR,12,62653.5,5221.125,0.34,KG,15356.249999999998
622,FERNET BRANCA MENTA 750ML,6,88436.933,14739.489,0.75,LT,19652.652
623,CARPANO ROSSO 950ML,6,44365.32,7394.22,0.95,LT,7783.389473684211
624,CARPANO BIANCO 950ML,6,44365.32,7394.22,0.95,LT,7783.389473684211
626,ARYTZA MAYONESA CLASICA (BALDE) 2.9KG,1,31028.399,31028.399,2.9,KG,10699.447931034483
627,ARYTZA MAYONESA AHUMADA (BALDE) 2.9KG,1,34757.775,34757.775,2.9,KG,11985.439655172415
634,BALLANTINES 1LTS,12,438025.911,36502.159,,,
636,SERNOVA VODKA 700ML,12,88501.186,7375.099,0.7,LT,10535.855714285715
643,GRANTS ALE CASK 750ML,12,341456.555,28454.713,0.75,LT,37939.617333333335
644,VECCHIO AMARO DEL CAPO 700ML,8,316717.7,39589.712,0.7,LT,56556.73142857143
668,MONTECITOS MIEL CREMOSA 500GR,12,62653.5,5221.125,0.5,KG,10442.25
677,LIQUORE STREGA 700ML,6,152521.518,25420.253,0.7,LT,36314.647142857146
685,SANTA TERESA CLARO 750ML,6,179520.0,29920.0,0.75,LT,39893.333333333336
686,SANTA TERESA GRAN RESERVA 750ML,6,190080.0,31680.0,0.75,LT,42240.0
697,JIM BEAM VAINILLA 750ML,12,408768.537,34064.045,0.75,LT,45418.72666666666
698,CHIVAS REGAL ULTIS 700ML,3,1066689.86,355563.287,0.7,LT,507947.55285714293
700,SKYY VODKA 700ML,12,89845.173,7487.098,0.7,LT,10695.854285714286
701,BULLDOG 700ML,6,126579.266,21096.544,0.7,LT,30137.920000000006
702,JOSE CUERVO TEQUILA SILVER 750ML,12,467560.529,38963.377,0.75,LT,51951.16933333333
703,RESERVA SAN JUAN COGNAC 750ML,6,48262.364,8043.727,0.75,LT,10724.969333333333
709,JOHNNIE WALKER XR 21YO 750ML,6,2245137.079,374189.513,0.75,LT,498919.35066666664
710,PRINCIPE DE LOS APOSTOLES ROSA MOSQUETA 750ML,6,80306.478,13384.413,0.75,LT,17845.884000000002
712,VODKA PAN DE TRIGO 750ML,6,87681.69,14613.615,0.75,LT,19484.82
714,THE GLENLIVET 12YO 700ML,6,429252.843,71542.141,0.7,LT,102203.05857142858
720,HEINEKEN LATA 473ML,24,68114.186,2838.091,0.473,LT,6000.192389006343
722,MILLER LATA 473ML,24,54884.457,2286.852,0.473,LT,4834.782241014799
723,IMPERIAL LATA 473ML,24,45416.164,1892.34,0.473,LT,4000.7188160676533
724,GROLSCH LATA 473ML,24,56809.329,2367.055,0.473,LT,5004.344608879493
760,ARYTZA MAYONESA CON AJO 340GR,12,60863.399,5071.95,0.34,KG,14917.499999999998
766,BIALCOHOL 96% 250ML,15,20628.73,1375.249,0.25,LT,5500.996
773,THE GLENLIVET 18YO 700ML,6,888556.503,148092.75,0.7,LT,211561.07142857145
774,TWININGS EARL GREY X10 UNI,12,59297.141,4941.428,,,
775,TWININGS ENGLISH BREAKFAST X10 UNI,12,59297.141,4941.428,,,
776,TWININGS MENTA PURA X10 UNI,12,48021.656,4001.805,,,
777,TWININGS TE VERDE X10 UNI,12,59297.141,4941.428,,,
778,TWININGS FRUTOS ROJOS X10 UNI,12,59297.141,4941.428,,,
780,BARILLA PENNE RIGATE (PASTA) 500GR,12,60541.012,5045.084,0.5,KG,10090.168
799,SALSA TABASCO ROJO 60ML,24,196556.115,8189.838,0.06,LT,136497.3
804,GOD BLESS YOU NEUTRO 225ML,12,67138.47,5594.873,0.225,LT,24866.10222222222
805,GOD BLESS YOU VIRGEN 225ML,12,109561.41,9130.118,0.225,LT,40578.30222222222
807,GOD BLESS YOU NEUTRO 500ML,12,113898.96,9491.58,0.5,LT,18983.16
808,GOD BLESS YOU VIRGEN 500ML,12,209086.921,17423.91,0.5,LT,34847.82
809,CASA ROSA GIN LUPULO 500ML,12,96849.317,8070.776,0.5,LT,16141.552
813,TWININGS MANZANILLA PURA X10 UNI,12,48021.656,4001.805,,,
814,SALSA DE SOJA LEE KUM KEE 500ML,12,102945.901,8578.825,0.5,LT,17157.65
815,GOD BLESS YOU AZUCAR 250GR,24,181326.601,7555.275,0.25,KG,30221.1
828,BIALCOHOL 70% 500ML,12,22604.887,1883.741,0.5,LT,3767.482
829,IMPERIAL IPA LATA 473ML,24,51068.584,2127.858,0.473,LT,4498.642706131079
834,TWININGS LADY GREY X10 UNI,12,59297.141,4941.428,,,
841,TWININGS FRESA FRUTILLA MANGO X10 UNI,12,48021.656,4001.805,,,
842,SALSA TABASCO VERDE 60ML,12,89343.721,7445.31,0.06,LT,124088.50000000001
852,CHIVAS REGAL XV GOLD C/ESTUCHE 700ML,6,508406.07,84734.345,0.7,LT,121049.0642857143
858,JOHNNIE WALKER BLACK LATA 750ML,6,403287.337,67214.556,0.75,LT,89619.408
864,BARILLA SPAGHETTI (PASTA) 500GR,24,121082.025,5045.084,0.5,KG,10090.168
871,CABRALES NES CAFE BRASIL X10UNI,12,70190.292,5849.191,,,
880,PH ALCOHOL DE QUEMAR 1LTS,12,37088.753,3090.729,,,
912,FIREBALL 750ML,12,241612.8,20134.4,0.75,LT,26845.86666666667
916,MONTECITOS MIEL ORGANICA 500GR,12,84134.7,7011.225,0.5,KG,14022.45
934,NORDES 700ML,6,573111.7,95518.617,0.7,LT,136455.16714285716
935,FLOR DE CAÑA EXTRA SECO 4 AÑOS 750ML,12,268667.197,22388.933,0.75,LT,29851.910666666667
936,FLOR DE CAÑA AÑEJO ORO 4 AÑOS 750ML,12,276632.703,23052.725,0.75,LT,30736.966666666664
937,GOD BLESS YOU NEUTRO 1LTS,12,203830.831,16985.903,,,
938,BARILLA TORTIGLIONI 500GR,12,60541.012,5045.084,0.5,KG,10090.168
944,SALSA TABASCO ROJO 150ML,12,220501.153,18375.096,0.15,LT,122500.64000000001
947,IMPERIAL GOLDEN LATA 473ML,24,47300.299,1970.846,0.473,LT,4166.693446088795
948,IMPERIAL ROJA LATA 473ML,24,51068.584,2127.858,0.473,LT,4498.642706131079
949,IMPERIAL CREAM STOUT LATA 473ML,24,51068.584,2127.858,0.473,LT,4498.642706131079
954,BIALCOHOL 96% 1LTS,12,47364.136,3947.011,,,
956,IMPERIAL APA LATA 473ML,24,51068.584,2127.858,0.473,LT,4498.642706131079
958,SALSA TABASCO CHIPOTLE 60ML,12,98278.057,8189.838,0.06,LT,136497.3
980,ARYTZA SALVADO DE MOSTAZA 2KG,1,8502.975,8502.975,2.0,KG,4251.4875
981,SALSA TERIYAKI LEE KUM KEE 250GR,12,121533.831,10127.819,0.25,KG,40511.276
985,SALSA TABASCO HABANERO 60ML,12,130906.92,10908.91,0.06,LT,181815.16666666666
986,SALSA TABASCO GARLIC 60ML,12,98278.057,8189.838,0.06,LT,136497.3
997,BIALCOHOL 96% BIDON 5LTS,4,71583.999,17896.0,,,
998,JOHNNIE WALKER RED LABEL 750ML,12,416610.565,34717.547,0.75,LT,46290.062666666665
1000,OLIOVITA VARIETAL CORATINA 500ML,12,147487.544,12290.629,0.5,LT,24581.258
1001,OLIOVITA VARIETAL CHANGLOT 500ML,12,147487.544,12290.629,0.5,LT,24581.258
1002,TWININGS NARANJA MANGO CANELA X10 UNI,12,59297.141,4941.428,,,
1004,TWININGS LIMON Y JENGIBRE X10 UNI,12,59297.141,4941.428,,,
1005,TWININGS MANZANILLA MIEL Y VAINILLA X10 UNI,12,59297.141,4941.428,,,
1006,TWININGS LIMON Y FRAMBUESA X10 UNI,12,59297.141,4941.428,,,
1007,BALLANTINES 12YO 700ML,12,665721.578,55476.798,0.7,LT,79252.56857142858
1017,KUNSTMANN IPA LATA 470ML,24,71993.002,2999.708,0.47,LT,6382.357446808511
1019,VEUVE CLICQUOT YELLOW LABEL BRUT 750ML,6,1113839.999,185640.0,0.75,LT,247520.0
1020,GOD BLESS YOU VIRGEN 125ML,24,142747.92,5947.83,0.125,LT,47582.64
1021,GOD BLESS YOU NEUTRO 125ML,24,94745.701,3947.738,0.125,LT,31581.904
1032,BLUE MOON BELGIAN WHITE 355ML,24,82653.042,3443.877,0.355,LT,9701.061971830986
1046,BIALCOHOL 70% BIDON 5LTS,4,62673.788,15668.447,,,
1049,ACEITE DE SESAMO LEE KUM KEE 207ML,12,178539.073,14878.256,0.207,LT,71875.63285024154
1057,SERNOVA WILD BERRIES 700ML,6,51991.839,8665.307,0.7,LT,12379.010000000002
1070,MACALLAN SHERRY OAK 12 700ML,12,2950180.406,245848.367,0.7,LT,351211.9528571429
1079,BRUICHLADDICH CLASSIC LADDIE 700ML,6,603405.001,100567.5,0.7,LT,143667.85714285716
1080,PORT CHARLOTTE 10 YO 700ML,6,755205.0,125867.5,0.7,LT,179810.7142857143
1081,JOHNNIE WALKER BLACK LABEL 750ML,12,701369.282,58447.44,0.75,LT,77929.92
1083,BIALCOHOL 70% GATILLO 500ML,12,43297.262,3608.105,0.5,LT,7216.21
1089,LARIOS 700ML,6,70578.292,11763.049,0.7,LT,16804.355714285717
1092,TWININGS TE VERDE MENTA X10 UNI,12,59297.141,4941.428,,,
1093,HEINEKEN PORRON 330ML,24,64821.605,2700.9,0.33,LT,8184.545454545454
1095,BIALCOHOL GEL GLICERINA BIDON 5LTS,4,72460.716,18115.179,,,
1096,BIALCOHOL JABON EXTRA SUAVIDAD 250ML,12,39260.94,3271.745,0.25,LT,13086.98
1106,SKYY RASPBERRY 700ML,12,99619.164,8301.597,0.7,LT,11859.424285714285
1107,SKYY PINEAPPLE 700ML,12,99619.164,8301.597,0.7,LT,11859.424285714285
1108,SKYY APRICOT 750ML,12,99619.164,8301.597,0.75,LT,11068.796
1110,FRANGELICO 700ML,12,405886.064,33823.839,0.7,LT,48319.770000000004
1122,CINZANO ROSSO 1LTS,12,80801.664,6733.472,,,
1123,AVERNA AMARO 700ML,6,226809.053,37801.509,0.7,LT,54002.15571428571
1124,CINZANO BIANCO 1LTS,12,80331.526,6694.294,,,
1126,APPLETON ESTATES RESERVE BLEND 750ML,12,822052.925,68504.41,0.75,LT,91339.21333333333
1127,JOSE CUERVO TEQUILA REPOSADO 750ML,12,467560.529,38963.377,0.75,LT,51951.16933333333
1128,JOSE CUERVO TEQUILA TRADICIONAL 695ML,12,611395.211,50949.601,0.695,LT,73308.77841726619
1130,WILD TURKEY 750ML,12,346246.635,28853.886,0.75,LT,38471.848
1131,WILD TURKEY AMERICAN HONEY 750ML,12,382773.377,31897.781,0.75,LT,42530.37466666666
1132,WILD TURKEY 101 750ML,12,631290.793,52607.566,0.75,LT,70143.42133333333
1138,GRAND MARNIER 700ML,12,424002.131,35333.511,0.7,LT,50476.444285714286
1155,SCHNEIDER LATA 473ML,24,41653.226,1735.551,0.473,LT,3669.2410147991545
1165,JOHNNIE WALKER BLACK ICON 700ML,12,1030766.549,85897.212,0.7,LT,122710.30285714286
1177,GOD BLESS YOU VIRGEN 1LTS,12,394836.121,32903.01,,,
1181,FERNET BRANCA 750ML,12,178602.504,14883.542,0.75,LT,19844.722666666665
1183,MONTECITOS MIEL CREMOSA 300GR,12,47437.651,3953.138,0.3,KG,13177.126666666667
1185,LA ORDEN DE LIBERTADOR BARLEY WINE CAST 700ML,6,139392.0,23232.0,0.7,LT,33188.57142857143
1188,CINZANO TO SPRITZ 750ML,6,44372.804,7395.467,0.75,LT,9860.622666666666
1192,SALSA TABASCO CHIPOTLE 150ML,12,220501.153,18375.096,0.15,LT,122500.64000000001
1213,GLENKINCHIE 12YO 750ML,6,976442.687,162740.448,0.75,LT,216987.264
1215,OLD SMUGGLER 750ML,6,42212.922,7035.487,0.75,LT,9380.649333333333
1225,SCAPA GLANSA 750ML,6,1020823.864,170137.311,0.75,LT,226849.748
1227,BELENKAYA GOLD 700ML,6,48645.001,8107.5,0.7,LT,11582.142857142859
1247,BIALCOHOL 70% 1LTS,12,38721.232,3226.769,,,
1269,PASTA DE WASABI 43GR,10,50442.17,5044.217,0.043,KG,117307.37209302325
1287,ALEXANDER BIANCA 700ML,6,945060.519,157510.086,0.7,LT,225014.4085714286
1289,FLOR DE CAÑA CENTENARIO 18 AÑOS 750ML,12,3375216.16,281268.013,0.75,LT,375024.0173333333
1292,BRANDY VETERANO OSBORNE 700ML,6,323345.706,53890.951,0.7,LT,76987.07285714286
1293,THE GLENROTHES 10YO 700ML,6,1680857.642,280142.94,0.7,LT,400204.2
1294,THE GLENROTHES 12YO 700ML,6,1883370.608,313895.101,0.7,LT,448421.5728571429
1296,FIFTY POUNDS GIN LATA 700ML,6,1140823.056,190137.176,0.7,LT,271624.53714285715
1297,MOM ROCKS C/ESTUCHE 700ML,3,245539.648,81846.549,0.7,LT,116923.64142857144
1298,THE LONDON N°1 SHERRY CASK 700ML,3,510262.072,170087.357,0.7,LT,242981.93857142856
1308,FLOR DE CAÑA 10 AÑOS 1LTS,12,1078719.084,89893.257,,,
1311,BRIGHTON 700ML,6,55828.191,9304.699,0.7,LT,13292.427142857145
1318,TANQUERAY SEVILLA 700ML,6,235447.027,39241.171,0.7,LT,56058.81571428572
1329,GOD BLESS YOU MCT SPRAY 125ML,12,144738.091,12061.508,0.125,LT,96492.064
1341,FERNET BUHERO NEGRO 700ML,6,56752.129,9458.688,0.7,LT,13512.41142857143
1346,GOD BLESS YOU MCT LIQUIDO 200ML,12,150249.33,12520.778,0.2,LT,62603.89
1353,CASA ROSA GIN CIRUELA BOMBON 500ML,12,96849.317,8070.776,0.5,LT,16141.552
1366,BIALCOHOL JABON ANTIBACTERIAL BIDON 5LTS,4,113381.449,28345.362,,,
1369,CASALTA SALSA CHIMICHURRI 300GR,12,35108.551,2925.713,0.3,KG,9752.376666666667
1371,FAVINCO VINAGRE ALCOHOL BIDON 5LTS,4,25918.722,6479.68,,,
1380,ACONCAGUA 750ML,6,81469.8,13578.3,0.75,LT,18104.399999999998
1389,GOLDEN AGE PARFAIT AMOUR 750ML,6,149002.815,24833.802,0.75,LT,33111.736
1394,MILLER RUBIA PORRON 330ML,24,51679.843,2153.327,0.33,LT,6525.233333333334
1425,SERNOVA SWEET APPLE/PEAR 700ML,6,51991.839,8665.307,0.7,LT,12379.010000000002
1444,LILLET ROSE 750ML,6,104843.545,17473.924,0.75,LT,23298.565333333332
1458,MACALLAN RARE CASK 700ML,3,2989027.16,996342.387,0.7,LT,1423346.2671428572
1469,ARYTZA MOSTAZA S/SAL 360GR,12,48332.701,4027.725,0.36,KG,11188.125
1472,SINGLETON 15YO 700ML,6,802918.398,133819.733,0.7,LT,191171.04714285716
1473,SINGLETON 18YO 700ML,6,1204106.981,200684.497,0.7,LT,286692.1385714286
1474,SINGLETON 12YO 700ML,6,478084.016,79680.669,0.7,LT,113829.52714285714
1477,ARYTZA MOSTAZA A LA ANTIGUA 360GR,12,54061.02,4505.085,0.36,KG,12514.125
1478,ARYTZA MOSTAZA A LA MIEL 360GR,12,52449.931,4370.828,0.36,KG,12141.18888888889
1479,ARYTZA MOSTAZA ALEMANA 360GR,12,48332.701,4027.725,0.36,KG,11188.125
1480,ARYTZA MOSTAZA DIJON 360GR,12,56030.129,4669.177,0.36,KG,12969.93611111111
1484,ARYTZA SALSA CRIOLLA 360GR,12,70529.94,5877.495,0.36,KG,16326.375
1490,ARYTZA CHIMICHURRI ETIQUETA NEGRA 360GR,12,67665.781,5638.815,0.36,KG,15663.375
1493,BEEFEATER BLOOD ORANGE 700ML,6,161201.725,26866.954,0.7,LT,38381.36285714286
1494,BOMBAY BRAMBLE 700ML,6,269941.46,44990.243,0.7,LT,64271.77571428572
1495,PRINCIPE DE LOS APOSTOLES BAG IN BOX 10LTS,1,88765.51,88765.51,,,
1498,CHIVAS REGAL 12YO 500ML,12,425275.289,35439.607,0.5,LT,70879.214
1502,JAMESON 700ML,6,194376.965,32396.161,0.7,LT,46280.23
1504,GOLDEN AGE ELDER FLOWER 750ML,6,149002.815,24833.802,0.75,LT,33111.736
1505,ARYTZA CHIMICHURRI PICANTE 360GR,12,67665.781,5638.815,0.36,KG,15663.375
1507,BALLANTINES 7YO 700ML,6,245137.22,40856.203,0.7,LT,58366.00428571429
1510,APPLETON SIGNATURE 750ML,12,453627.618,37802.302,0.75,LT,50403.06933333334
1511,PRINCIPE DE LOS APOSTOLES ED. ESPECIAL 750ML,6,88337.141,14722.857,0.75,LT,19630.476
1514,BROCKMANS 700ML,6,383885.533,63980.922,0.7,LT,91401.31714285715
1515,BELUGA NOBLE 700ML,6,394853.816,65808.969,0.7,LT,94012.81285714285
1516,BELUGA TRANSATLANTIC 700ML,6,473824.547,78970.758,0.7,LT,112815.36857142858
1520,BRITVIC TONICA BT 200ML,24,89187.946,3716.164,0.2,LT,18580.82
1521,BRITVIC TONICA LATA 150ML,24,71734.787,2988.949,0.15,LT,19926.326666666668
1522,CUSQUEÑA DORADA 330ML,24,98594.495,4108.104,0.33,LT,12448.800000000001
1524,PUERTO DE INDIAS FRUTILLA 700ML,6,219098.783,36516.464,0.7,LT,52166.37714285715
1525,PUERTO DE INDIAS CLASICO 700ML,6,172149.089,28691.515,0.7,LT,40987.87857142858
1526,BARSOL QUEBRANTA 750ML,6,330608.536,55101.423,0.75,LT,73468.564
1527,YU RELAX & REFRESH 700ML,6,491655.632,81942.605,0.7,LT,117060.86428571428
1531,PRAVDA 750ML,6,246753.001,41125.5,0.75,LT,54834.0
1534,BALLANTINES 700ML,12,350929.892,29244.158,0.7,LT,41777.368571428575
1535,FEVER TREE INDIAN TONIC 200ML,24,68633.567,2859.732,0.2,LT,14298.66
1538,CASA ROSA ENEBRO C/ESTUCHE Y VASO 500ML,8,112758.194,14094.774,0.5,LT,28189.548
1541,BACARDI ORO 700ML,12,229161.17,19096.764,0.7,LT,27281.091428571428
1543,TWININGS LIMÓN X10 UNI,12,59297.141,4941.428,,,
1544,TWININGS MANZANILLA CANELA MANZANA X10 UNI,12,59297.141,4941.428,,,
1545,TWININGS TE VERDE LIMON X10 UNI,12,48021.656,4001.805,,,
1554,ARYTZA MAYONESA CON AJO (BALDE) 2.9KG,1,34161.076,34161.076,2.9,KG,11779.681379310345
1555,TWININGS INDIAN CHAI X10 UNI,12,59297.141,4941.428,,,
1556,JAMESON CASKMATES IPA 700ML,6,221367.828,36894.638,0.7,LT,52706.625714285714
1564,THE BITTER TRUTH AROMATIC BITTERS 200ML,12,632247.639,52687.303,0.2,LT,263436.51499999996
1566,LA ORDEN DEL LIBERTADOR DOPPELBOCK CASK 700ML,6,261360.0,43560.0,0.7,LT,62228.571428571435
1567,LA ORDEN DEL LIBERTADOR OLD ALE CASK 700ML,6,263416.032,43902.672,0.7,LT,62718.10285714286
1569,AMSTEL LAGER 473ML,24,43537.613,1814.067,0.473,LT,3835.2367864693447
1571,GREY GOOSE LATA 1LTS,6,857949.894,142991.649,,,
1587,BACARDI BLANCO 700ML,12,229161.17,19096.764,0.7,LT,27281.091428571428
1588,FLOR DE CAÑA SPRESSO LICOR DE CAFÉ 750ML,12,619373.14,51614.428,0.75,LT,68819.23733333334
1592,CHIVAS REGAL 18 YO 700ML,6,899487.724,149914.621,0.7,LT,214163.74428571432
1622,ACONCAGUA (ALUMINIO) 500ML,10,69795.001,6979.5,0.5,LT,13959.0
1623,ACONCAGUA GIN TONIC 355ML,12,51775.201,4314.6,0.355,LT,12153.80281690141
1624,TANQUERAY ROYALE 700ML,6,235447.027,39241.171,0.7,LT,56058.81571428572
1628,HENDRICKS NEPTUNIA 750ML,6,297267.409,49544.568,0.75,LT,66059.424
1631,MALFY LIMONE 700ML,6,293292.522,48882.087,0.7,LT,69831.55285714286
1632,MALFY PINK 700ML,6,293292.522,48882.087,0.7,LT,69831.55285714286
1633,MALFY ORIGINAL 700ML,6,293292.522,48882.087,0.7,LT,69831.55285714286
1634,CINZANO SEGUNDO 750ML,6,42126.271,7021.045,0.75,LT,9361.393333333333
1635,BIALCOHOL EXTRA NEUTRO BIDON 5LTS,4,106068.638,26517.159,,,
1638,LIQUORE LIMONCELLO STREGA 700ML,6,179420.481,29903.413,0.7,LT,42719.16142857143
1639,BORGHETTI SAMBUCA ORO 700ML,6,248864.829,41477.471,0.7,LT,59253.53
1640,CANDOLINI BIANCA 1LTS,6,303440.162,50573.36,,,
1641,BIALCOHOL FAJINADOR BIDON 5LTS,4,51307.073,12826.768,,,
1643,ACONCAGUA LIME 750ML,6,93652.2,15608.7,0.75,LT,20811.600000000002
1644,ACONCAGUA CARDAMOMO 750ML,6,93652.2,15608.7,0.75,LT,20811.600000000002
1651,ARYTZA SALSA CAESAR 340GR,12,51912.9,4326.075,0.34,KG,12723.749999999998
1652,ARYTZA KETCHUP AHUMADO 400GR,12,64443.601,5370.3,0.4,KG,13425.75
1653,ARYTZA MOSTAZA AHUMADA 360GR,12,56030.129,4669.177,0.36,KG,12969.93611111111
1655,HENDRICKS JIGGER 700ML,6,332942.892,55490.482,0.7,LT,79272.11714285715
1658,CUSENIER BLUE CURACAO 700ML,6,40778.667,6796.445,0.7,LT,9709.207142857143
1659,CUSENIER MENTA 700ML,6,40778.667,6796.445,0.7,LT,9709.207142857143
1664,CUSENIER LIMONCELLO 700ML,6,40778.364,6796.394,0.7,LT,9709.134285714286
1665,BRITVIC GINGER BEER LATA 150ML,24,71734.787,2988.949,0.15,LT,19926.326666666668
1666,BARSOL ACHOLADO 750ML,6,383120.02,63853.337,0.75,LT,85137.78266666667
1671,ABSOLUT WATERMELON 700ML,6,137159.623,22859.937,0.7,LT,32657.052857142862
1676,CASA BOHER EXTRA BRUT 750ML,6,114136.358,19022.726,0.75,LT,25363.634666666665
1677,ROSELL BOHER BRUT 750ML,6,169363.508,28227.251,0.75,LT,37636.33466666667
1678,ROSELL BOHER ROSE 750ML,6,220909.342,36818.224,0.75,LT,49090.96533333333
1680,CASA BOHER MALBEC 750ML,6,60749.865,10124.978,0.75,LT,13499.970666666666
1681,CASA BOHER MERLOT 750ML,6,60749.865,10124.978,0.75,LT,13499.970666666666
1682,CASA BOHER CABERNET SAUVIGNON 750ML,6,60749.865,10124.978,0.75,LT,13499.970666666666
1683,CASA BOHER CABERNET FRANC 750ML,6,60749.865,10124.978,0.75,LT,13499.970666666666
1685,CRUZAT PREMIER ROSE 750ML,6,152832.006,25472.001,0.75,LT,33962.668
1686,CRUZAT CUVEE EXTRA BRUT 750ML,6,104064.004,17344.001,0.75,LT,23125.334666666666
1687,CRUZAT CUVEE NATURE 750ML,6,115007.693,19167.949,0.75,LT,25557.265333333333
1688,CRUZAT CUVEE ROSE 750ML,6,208128.008,34688.001,0.75,LT,46250.668
1690,FOND DE CAVE MALBEC 750ML,6,41224.09,6870.682,0.75,LT,9160.909333333333
1691,FOND DE CAVE RESERVA MALBEC 750ML,6,49864.273,8310.712,0.75,LT,11080.949333333332
1693,PAZ MALBEC 750ML,6,60537.518,10089.586,0.75,LT,13452.781333333332
1694,FOND DE CAVE CABERNET SAUVIGNON 750ML,6,35116.818,5852.803,0.75,LT,7803.7373333333335
1695,FOND DE CAVE RESERVA CABERNET SAUVIGNON 750ML,6,49864.273,8310.712,0.75,LT,11080.949333333332
1696,FOND DE CAVE RESERVA SYRAH 750ML,6,49864.273,8310.712,0.75,LT,11080.949333333332
1697,FOND DE CAVE RESERVA CHARDONNAY 750ML,6,49864.273,8310.712,0.75,LT,11080.949333333332
1699,DON DAVID MALBEC 750ML,6,42455.611,7075.935,0.75,LT,9434.58
1700,EL ESTECO MALBEC 750ML,6,81387.503,13564.584,0.75,LT,18086.112
1701,GRAN MEDALLA MALBEC 750ML,6,179329.852,29888.309,0.75,LT,39851.07866666667
1702,MEDALLA MALBEC 750ML,6,92383.513,15397.252,0.75,LT,20529.669333333335
1703,FINCAS NOTABLES MALBEC 750ML,6,135067.482,22511.247,0.75,LT,30014.996
1704,FOND DE CAVE GRAN RESERVA MALBEC 750ML,6,94577.735,15762.956,0.75,LT,21017.274666666668
1706,ALMA MORA MALBEC 750ML,6,33735.429,5622.572,0.75,LT,7496.7626666666665
1707,DADA N1 MALBEC 750ML,6,32038.177,5339.696,0.75,LT,7119.594666666667
1708,VINITERRA SELECT MALBEC 750ML,6,82783.516,13797.253,0.75,LT,18396.337333333333
1709,CAFAYATE MALBEC 750ML,6,24477.336,4079.556,0.75,LT,5439.408
1711,CAFAYATE DULCE TARDIO 750ML,6,24477.336,4079.556,0.75,LT,5439.408
1712,CAFAYATE TORRONTES 750ML,6,24477.336,4079.556,0.75,LT,5439.408
1713,MUMM CUVEE EXTRA BRUT 750ML,6,51309.835,8551.639,0.75,LT,11402.185333333333
1714,CAFAYATE CABERNET SAUVIGNON 750ML,6,24477.336,4079.556,0.75,LT,5439.408
1715,CAFAYATE RESERVA MALBEC 750ML,6,39393.919,6565.653,0.75,LT,8754.204
1716,CAFAYATE RESERVA CABERNET SAUVIGNON 750 ML.,6,39393.919,6565.653,0.75,LT,8754.204
1717,DOMAINE EXTRA BRUT 750ML,6,92620.383,15436.73,0.75,LT,20582.306666666667
1718,CAFAYATE RESERVA TORRONTES 750ML,6,39393.919,6565.653,0.75,LT,8754.204
1719,ELEMENTOS MALBEC 750ML,6,29282.765,4880.461,0.75,LT,6507.281333333333
1721,CAFAYATE ROSE 750ML,6,24477.336,4079.556,0.75,LT,5439.408
1723,MARTINI ROSE 750ML,6,156140.865,26023.477,0.75,LT,34697.969333333334
1727,MUMM CUVEE BRUT ROSE 750ML,6,51309.835,8551.639,0.75,LT,11402.185333333333
1729,ARNALDO B BLEND 750 ML.,6,114236.903,19039.484,0.75,LT,25385.978666666666
1730,GH MUMM BRUT CORDON ROUGE 750ML,6,204844.555,34140.759,0.75,LT,45521.011999999995
1733,MUMM CUVEE SWEET SPARKLING 750ML,6,51309.835,8551.639,0.75,LT,11402.185333333333
1734,DOMAINE BRUT NATURE 750ML,6,99332.005,16555.334,0.75,LT,22073.778666666665
1735,DOMAINE ROSE 750ML,6,92620.383,15436.73,0.75,LT,20582.306666666667
1737,ANGELICA ZAPATA MALBEC 750ML,4,109963.636,27490.909,0.75,LT,36654.545333333335
1738,DV CATENA CABERNET MALBEC 750ML,6,77318.181,12886.363,0.75,LT,17181.817333333332
1739,DV CATENA MALBEC MALBEC 750ML,6,109534.09,18255.682,0.75,LT,24340.909333333333
1740,NICASIA RED BLEND MALBEC 750ML,6,46022.728,7670.455,0.75,LT,10227.273333333333
1741,SAINT FELICIEN MALBEC 750ML,6,58540.91,9756.818,0.75,LT,13009.090666666665
1743,ROSELL BOHER ENCARNACION 750ML,6,187773.053,31295.509,0.75,LT,41727.34533333333
1744,ANGELICA ZAPATA CABERNET SAUVIGNON 750ML,4,97445.454,24361.363,0.75,LT,32481.817333333336
1745,CRUZAT PREMIER NATURE 750ML,6,76416.004,12736.001,0.75,LT,16981.334666666666
1746,ANGELICA ZAPATA MERLOT 750ML,4,97445.454,24361.363,0.75,LT,32481.817333333336
1748,NICASIA CABERNET FRANC 750ML,6,46022.728,7670.455,0.75,LT,10227.273333333333
1749,TRUMPETER CHARDONNAY 750ML,6,41917.5,6986.25,0.75,LT,9315.0
1750,TRUMPETER MALBEC 750ML,6,41917.5,6986.25,0.75,LT,9315.0
1751,RUTINI MALBEC 750ML,6,142478.999,23746.5,0.75,LT,31662.0
1752,RUTINI CABERNET MALBEC 750ML,6,74843.703,12473.951,0.75,LT,16631.934666666664
1753,ALAMOS MALBEC 750ML,6,37922.726,6320.454,0.75,LT,8427.271999999999
1755,RUTINI CAB. FRANC MALBEC 750ML,6,74844.001,12474.0,0.75,LT,16632.0
1757,MUMM LEGER 750ML,6,51309.694,8551.616,0.75,LT,11402.154666666667
1758,TRUMPETER CABERNET SAUVIGNON 750ML,6,41917.5,6986.25,0.75,LT,9315.0
1759,TRUMPETER RESERVE MALBEC 750ML,6,55728.0,9288.0,0.75,LT,12384.0
1760,EL ENEMIGO MALBEC 750ML,6,120487.5,20081.25,0.75,LT,26775.0
1762,NICASIA BLANC DE BLANCS VIOGNIER 750ML,6,46022.728,7670.455,0.75,LT,10227.273333333333
1764,CASA BOHER SAUVIGNON BLANC 750ML,6,60749.865,10124.978,0.75,LT,13499.970666666666
1767,SALENTEIN NUMINA MALBEC 750ML,6,74641.5,12440.25,0.75,LT,16587.0
1768,SALENTEIN RESERVE MALBEC 750ML,6,53820.45,8970.075,0.75,LT,11960.1
1769,SALENTEIN RESERVE CHARDONNAY 750ML,6,53820.45,8970.075,0.75,LT,11960.1
1770,SALENTEIN RESERVE SAUV BLANC 750ML,6,53820.45,8970.075,0.75,LT,11960.1
1771,SALENTEIN NUMINA CABERNET FRANC 750ML,6,86034.15,14339.025,0.75,LT,19118.7
1772,SALENTEIN EXTRA BRUT 750ML,6,60106.051,10017.675,0.75,LT,13356.9
1773,SALENTEIN BRUT NATURE 750ML,6,61284.599,10214.1,0.75,LT,13618.800000000001
1774,SALENTEIN BRUT ROSE 750ML,6,61284.599,10214.1,0.75,LT,13618.800000000001
1775,PORTILLO MALBEC 750ML,6,26148.096,4358.016,0.75,LT,5810.687999999999
1776,ANGELICA ZAPATA CABERNET FRANC 750ML,4,97445.454,24361.363,0.75,LT,32481.817333333336
1777,ALAMOS MACERACION ATENUADA 750ML,6,37922.726,6320.454,0.75,LT,8427.271999999999
1778,EL ENEMIGO CABERNET FRANC 750ML,6,120487.5,20081.25,0.75,LT,26775.0
1781,RUTINI CABERNET MALBEC 375ML,12,97847.999,8154.0,0.375,LT,21744.0
1783,TRUMPETER EXTRA BRUT 750ML,6,51880.501,8646.75,0.75,LT,11529.0
1784,TRUMPETER ROSE EXTRA BRUT 750ML,6,54027.0,9004.5,0.75,LT,12006.0
1787,ALAMOS CHARDONNAY 750ML,6,37922.726,6320.454,0.75,LT,8427.271999999999
1788,KILLKA MALBEC 750ML,6,35631.494,5938.582,0.75,LT,7918.109333333334
1790,SALENTEIN NUMINA GRAN CORTE 750ML,6,96248.251,16041.375,0.75,LT,21388.5
1792,CASA BOHER GRAN CORTE 750ML,4,198228.79,49557.197,0.75,LT,66076.26266666666
1793,DV CATENA CHARDONNAY CHARDONNAY 750ML,6,89100.0,14850.0,0.75,LT,19800.0
1794,DV CATENA NATURE 750ML,6,154636.364,25772.727,0.75,LT,34363.636
1795,PORTILLO MALBEC ROSE 750ML,6,26148.096,4358.016,0.75,LT,5810.687999999999
1796,SALENTEIN RESERVE MERLOT 750ML,6,53820.45,8970.075,0.75,LT,11960.1
1797,PORTILLO SAUVIGNON BLANC 750ML,6,26556.66,4426.11,0.75,LT,5901.48
1798,SALENTEIN RESERVE ROSE 750ML,6,53820.45,8970.075,0.75,LT,11960.1
1800,SALENTEIN NUMINA CHARDONNAY 750ML,6,74641.5,12440.25,0.75,LT,16587.0
1801,SALENTEIN RESERVE CABERNET SAUVIGNON 750ML,6,53820.45,8970.075,0.75,LT,11960.1
1802,SALENTEIN ESPUMANTE BLANC DE BLANCS 750ML,6,64034.549,10672.425,0.75,LT,14229.9
1803,TRUMPETER SAUVIGNON BLANC 750ML,6,41917.5,6986.25,0.75,LT,9315.0
1804,RUTINI SAUVIGNON BLANC 750ML,6,81648.0,13608.0,0.75,LT,18144.0
1805,RUTINI CHARDONNAY 750ML,6,111415.5,18569.25,0.75,LT,24759.0
1808,ROSELL BOHER GRAND CUVEE 750ML,6,301909.41,50318.235,0.75,LT,67090.98
1809,RUTINI ROSE DE MALBEC 750ML,4,142884.0,35721.0,0.75,LT,47628.0
1810,TRUMPETER RESERVE PINOT NOIR 750ML,6,55728.0,9288.0,0.75,LT,12384.0
1811,"RUTINI CAB. SAU. MALBEC BOTELLON  1,5 LTS",2,115724.7,57862.35,,,
1812,RUTINI MERLOT 750ML,6,89302.499,14883.75,0.75,LT,19845.0
1814,SAINT FELICIEN CABERNET SAUVIGNON 750ML,6,58540.91,9756.818,0.75,LT,13009.090666666665
1815,ALAMOS RESERVA PINOT NOIR 750ML,6,41604.546,6934.091,0.75,LT,9245.454666666667
1816,ALAMOS RESERVA MALBEC 750ML,6,44181.819,7363.637,0.75,LT,9818.182666666666
1817,ALAMOS RED BLEND 750ML,6,37922.726,6320.454,0.75,LT,8427.271999999999
1818,ALAMOS CABERNET SAUVIGNON 750ML,6,37922.726,6320.454,0.75,LT,8427.271999999999
1819,EL GRAN ENEMIGO AGRELO 750ML,6,268109.998,44685.0,0.75,LT,59580.0
1820,EL ENEMIGO BONARDA 750ML,6,120487.5,20081.25,0.75,LT,26775.0
1821,EL ENEMIGO CHARDONNAY 750ML,6,120487.5,20081.25,0.75,LT,26775.0
1822,KAIKEN MALBEC 750ML,6,119807.998,19968.0,0.75,LT,26624.0
1823,PORTILLO CHARDONNAY 750ML,6,26556.66,4426.11,0.75,LT,5901.48
1828,CASA BOHER BOX SET X4 BOT 750ML,2,106920.0,53460.0,0.75,LT,71280.0
1829,CASA BOHER GRAN CHARDONNAY 750ML,4,140498.226,35124.556,0.75,LT,46832.74133333333
1832,SAINT FELICIEN SAUVIGNON BLANC 750ML,6,58540.91,9756.818,0.75,LT,13009.090666666665
1833,ANGELICA ZAPATA CHARDONNAY 750ML,4,107190.0,26797.5,0.75,LT,35730.0
1835,EL GRAN ENEMIGO CEPILLO 750ML,6,268109.998,44685.0,0.75,LT,59580.0
1836,EL GRAN ENEMIGO GUALTALLARY 750ML,6,324404.999,54067.5,0.75,LT,72090.0
1837,RUTINI CABERNET SAUVIGNON MALBEC  3 LTS,1,122850.0,122850.0,,,
1838,TRUMPETER BRUT NATURE 750ML,6,58279.5,9713.25,0.75,LT,12951.0
1846,FAMILIA GASCON ROBLE MALBEC 750ML,6,33927.952,5654.659,0.75,LT,7539.545333333333
1849,FAMILIA GASCON CHARDONNAY 750ML,6,28681.366,4780.228,0.75,LT,6373.637333333333
1850,ESCORIHUELA GASCON MALBEC 750ML,6,45470.454,7578.409,0.75,LT,10104.545333333333
1851,ESCORIHUELA GASCON CAB.FRANC 750ML,6,45470.454,7578.409,0.75,LT,10104.545333333333
1853,NORTON LOTE SINGLE VINEYARD 750ML,3,197717.251,65905.75,0.75,LT,87874.33333333333
1854,KILLKA CHARDONNAY 750ML,6,35631.494,5938.582,0.75,LT,7918.109333333334
1855,KILLKA SAUVIGNON BLANC 750ML,6,35631.494,5938.582,0.75,LT,7918.109333333334
1857,SAINT FELICIEN CABERNET FRANC 750ML,6,58540.91,9756.818,0.75,LT,13009.090666666665
1866,LA MASCOTA MALBEC 750ML,6,61922.258,10320.376,0.75,LT,13760.501333333334
1867,LA MASCOTA CAB SAU 750ML,6,72691.347,12115.224,0.75,LT,16153.632
1872,RUTINI CABERNET FRANC 750ML,6,116964.0,19494.0,0.75,LT,25992.0
1873,ENCUENTRO MALBEC 750ML,6,62937.001,10489.5,0.75,LT,13986.0
1875,ESCORIHUELA GASCON MEG 750ML,4,146204.998,36551.25,0.75,LT,48735.0
1876,PERRIER JOUET GRAND BRUT 750ML,6,640451.755,106741.959,0.75,LT,142322.612
1878,LOS INTOCABLES MALBEC 750ML,6,52896.986,8816.164,0.75,LT,11754.885333333334
1879,RUTINI SAUVIGNON BLANC 375ML,12,117877.09,9823.091,0.375,LT,26194.909333333333
1880,SIESTA MALBEC BIODINAMICO 750ML,6,226800.041,37800.007,0.75,LT,50400.00933333333
1882,ALMA NEGRA BLANCO 750ML,6,145799.676,24299.946,0.75,LT,32399.928
1883,ALMA NEGRA BLANC DE BLANC 750ML,6,145799.676,24299.946,0.75,LT,32399.928
1884,ANIMAL MALBEC ORGANICO 750ML,6,74923.745,12487.291,0.75,LT,16649.72133333333
1886,SALENTEIN CORTE DE TINTAS 750ML,6,58927.5,9821.25,0.75,LT,13095.0
1887,RUTINI PINOT NOIR 750ML,6,170100.0,28350.0,0.75,LT,37800.0
1889,TRUMPETER RESERVE ROSE 750ML,6,55728.0,9288.0,0.75,LT,12384.0
1891,ALMA NEGRA ESPUMANTE ROSE 750ML,6,162000.729,27000.122,0.75,LT,36000.16266666666
1892,ANIMAL CHARDONNAY ORGANICO 750ML,6,72493.097,12082.183,0.75,LT,16109.577333333335
1895,RUTINI EXTRA BRUT 750ML (ESTUCHE),6,179180.249,29863.375,0.75,LT,39817.833333333336
1896,RUTINI CABERNET MALBEC C/ESTUCHE 750ML,6,132848.101,22141.35,0.75,LT,29521.8
1898,ENCUENTRO BOXSET MADERA SURTIDO X3 750ML,2,114137.099,57068.55,0.75,LT,76091.40000000001
1899,SALENTEIN CORTE DE BLANCAS 750ML,6,58927.5,9821.25,0.75,LT,13095.0
1901,SALENTEIN RESERVE PINOT NOIR 750ML,6,56177.55,9362.925,0.75,LT,12483.9
1903,TRUMPETER RESERVE PETIT VERDOT 750ML,6,55728.0,9288.0,0.75,LT,12384.0
1904,TRUMPETER RESERVE BONARDA 750ML,6,55728.0,9288.0,0.75,LT,12384.0
1905,TRUMPETER RESERVE DOUX 750ML,6,55728.0,9288.0,0.75,LT,12384.0
1907,RUTINI GUALTALLARY SURTIDO ESTUCHE X3 BOT 750ML,2,277693.651,138846.825,0.75,LT,185129.1
1916,EL GRAN ENEMIGO CHACAYES 750ML,6,268109.998,44685.0,0.75,LT,59580.0
1921,SALENTEIN PRIMUS CABERNET SAUVIGNON 750ML,6,292673.249,48778.875,0.75,LT,65038.5
1922,PORTILLO DULCE NATURAL 750ML,6,26924.368,4487.395,0.75,LT,5983.193333333334
1926,TRUMPETER MALBEC SYRAH 750ML,6,41917.5,6986.25,0.75,LT,9315.0
1929,TIKAL AMORIO 750ML,6,174149.069,29024.845,0.75,LT,38699.793333333335
1931,DV CATENA PINOT PINOT 750ML,6,89100.0,14850.0,0.75,LT,19800.0
1932,KILLKA MALBEC BLANCO 750ML,6,35631.494,5938.582,0.75,LT,7918.109333333334
1934,SAINT FELICIEN BONARDA 750ML,4,65536.02,16384.005,0.75,LT,21845.34
1937,LA CELIA RESERVA MALBEC 750ML,6,41772.859,6962.143,0.75,LT,9282.857333333333
1938,SAENZ BRIO 1888 750ML,6,42282.0,7047.0,0.75,LT,9396.0
1939,LA CELIA RESERVA ROSE 750ML,6,41772.859,6962.143,0.75,LT,9282.857333333333
1943,CASA BOHER VIOGNER ALTO AGRELO 750ML,6,82619.98,13769.997,0.75,LT,18359.996
1944,CASA BOHER ROSE 750ML,6,60749.865,10124.978,0.75,LT,13499.970666666666
1947,CAFAYATE TERROIR ALTURA TORRONTES 750ML,6,55693.986,9282.331,0.75,LT,12376.441333333334
1948,CAFAYATE TERROIR ALTURA MALBEC 750ML,6,55693.986,9282.331,0.75,LT,12376.441333333334
1949,CAFAYATE TERROIR ALTURA CABERNET SAUVIGNON 750ML,6,55696.633,9282.772,0.75,LT,12377.029333333334
1952,CAFAYATE SYRAH 750ML,6,24477.998,4079.666,0.75,LT,5439.554666666667
1953,MUMM LEGER SPRITZ LATA 269ML,24,56855.428,2368.976,0.269,LT,8806.602230483271
1954,MUMM CUVEE EXTRA BRUT LATA 269ML,24,56855.428,2368.976,0.269,LT,8806.602230483271
1955,MUMM CUVEE DEMI SEC 750ML,6,51309.835,8551.639,0.75,LT,11402.185333333333
1956,GH MUMM GRAND CORDON ROSE 750ML,6,508381.712,84730.285,0.75,LT,112973.71333333333
1957,MUMM LEGER SPRITZ 750ML,6,51309.694,8551.616,0.75,LT,11402.154666666667
1958,CALLIA MALBEC 750ML,6,22307.594,3717.932,0.75,LT,4957.242666666666
1959,CALLIA CHARDONNAY 750ML,6,22879.584,3813.264,0.75,LT,5084.352
1960,PORTILLO CABERNET SAUVIGNON 750ML,6,26148.096,4358.016,0.75,LT,5810.687999999999
1963,SALENTEIN DOUX 750ML,6,60106.051,10017.675,0.75,LT,13356.9
1964,LOS ARBOLES SELECT MALBEC 750ML,6,28562.938,4760.49,0.75,LT,6347.32
1965,BARON B EXTRA BRUT 750ML,6,204498.003,34083.0,0.75,LT,45444.0
1966,CATENA ZAPATA MALBEC ARGENTINO 750ML,4,350460.0,87615.0,0.75,LT,116820.0
1970,EL PROFETA ED. EL TATOT 750ML,6,54618.3,9103.05,0.75,LT,12137.4
1971,DEMENCIAL MALBEC 750ML,6,71303.863,11883.977,0.75,LT,15845.302666666668
1974,TRES PLUMAS DURAZNO 700ML,6,32170.997,5361.833,0.7,LT,7659.761428571429
1979,FINCA LOS NOBLES MAL S.VINEYARD 750ML,4,230850.0,57712.5,0.75,LT,76950.0
1980,FINCA LOS NOBLES CHARDONNAY 750ML,4,230850.0,57712.5,0.75,LT,76950.0
1981,FINCA LOS NOBLES MAL VERDOT 750ML,4,230850.0,57712.5,0.75,LT,76950.0
1983,LUIGI BOSCA DE SANGRE WHITE BLEND 750ML,6,98820.001,16470.0,0.75,LT,21960.0
1985,LUIGI BOSCA DE SANGRE MALBEC VALLE 750ML,6,98820.001,16470.0,0.75,LT,21960.0
1986,LUIGI BOSCA DE SANGRE MALBEC D.O.C 750ML,6,128304.0,21384.0,0.75,LT,28512.0
1987,LUIGI BOSCA DE SANGRE CAB FRANC 750ML,6,126360.0,21060.0,0.75,LT,28080.0
1989,LUIGI BOSCA SAUVIGNON BLANC 750ML,6,80028.001,13338.0,0.75,LT,17784.0
1990,LUIGI BOSCA CHARDONNAY 750ML,6,80028.001,13338.0,0.75,LT,17784.0
1991,LUIGI BOSCA RIESLING L LAS COMPUERTAS  750ML,6,168480.001,28080.0,0.75,LT,37440.0
1992,LUIGI BOSCA ROSE IS A ROSE 750ML,6,127008.0,21168.0,0.75,LT,28224.0
1993,LUIGI BOSCA PINOT NOIR 750ML,6,96552.0,16092.0,0.75,LT,21456.0
1995,LUIGI BOSCA CABERNET SAUVIGNON 750ML,6,80028.001,13338.0,0.75,LT,17784.0
1996,LUIGI BOSCA GEWÜRZTRAMINER 500ML,6,141912.0,23652.0,0.5,LT,47304.0
1999,LUIGI BOSCA EXTRA BRUT 750ML,6,112752.0,18792.0,0.75,LT,25056.0
2000,LA LINDA MALBEC ORGANICO 750ML,6,69336.0,11556.0,0.75,LT,15408.0
2001,LA LINDA SWEET VIOGNIER 750ML,6,49247.999,8208.0,0.75,LT,10944.0
2002,LA LINDA CHARDONNAY 750ML,6,49247.999,8208.0,0.75,LT,10944.0
2003,LA LINDA ROSE 750ML,6,49247.999,8208.0,0.75,LT,10944.0
2004,LA LINDA TORRONTES 750ML,6,49247.999,8208.0,0.75,LT,10944.0
2005,LA LINDA MALBEC 750ML,6,49247.999,8208.0,0.75,LT,10944.0
2007,LA LINDA RED BLEND 750ML,6,49247.999,8208.0,0.75,LT,10944.0
2009,LA LINDA EXTRA BRUT  750ML,6,59292.0,9882.0,0.75,LT,13176.0
2011,INTI ZEN ILUMINE X15 UNI,10,33456.106,3345.611,,,
2012,INTI ZEN CHAMAN CHAI X15 UNI,10,33456.106,3345.611,,,
2013,INTI ZEN PATAGONIA BEE X15 UNI,10,33456.106,3345.611,,,
2014,INTI ZEN INCA ROSE X15 UNI,10,33456.106,3345.611,,,
2015,INTI ZEN VERDE CHAI X15 UNI,10,33456.106,3345.611,,,
2016,INTI ZEN SILENCIO ANDINO X15 UNI,10,33456.106,3345.611,,,
2017,INTI ZEN INTI YOGA X15 UNI,10,33456.106,3345.611,,,
2018,INTI ZEN 8 BLENDS X15 UNI,10,33456.106,3345.611,,,
2020,JAMAICA DRY RUM 1LTS,8,70155.18,8769.398,,,
2022,CINZANO ROSSO 450ML,12,36218.64,3018.22,0.45,LT,6707.155555555555
2023,INTI ZEN INTI GREY X15 UNI,10,33456.106,3345.611,,,
2024,INTI ZEN GOLDEN CHAI X15 UNI,10,33456.106,3345.611,,,
2025,INTI ZEN AMAZONIA MANGO X15 UNI,10,33456.106,3345.611,,,
2026,INTI ZEN DON JUAN X15 UNI,10,33456.106,3345.611,,,
2027,INTI ZEN BLANCO LYCHEE X15 UNI,10,33456.106,3345.611,,,
2028,INTI ZEN INTI MATCHA X15 UNI,10,33456.106,3345.611,,,
2029,INTI ZEN VAINILLA ZEN X15 UNI,10,38130.719,3813.072,,,
2030,INTI ZEN PATAGONIA ROOIBOS X15 UNI,10,38146.145,3814.615,,,
2031,INTI ZEN CALMA ANDINA X15 UNI,10,33456.106,3345.611,,,
2032,INTI ZEN DULCE MANZANILLA X15 UNI,10,33456.106,3345.611,,,
2033,INTI ZEN TRES MENTAS X15 UNI,10,33456.106,3345.611,,,
2036,TRUMPETER SYRAH 750ML,6,41917.5,6986.25,0.75,LT,9315.0
2038,BLENDERS PRIDE 1LTS,6,62124.083,10354.014,,,
2042,NAVARRO CORREA RESERVA CABERNET SAUVIGNON 750ML,6,46954.322,7825.72,0.75,LT,10434.293333333333
2046,SAINT FELICIEN ROBLE CHARDONNAY 750ML,6,58540.91,9756.818,0.75,LT,13009.090666666665
2047,NICOLAS CATENA ZAPATA 2019 750ML,6,538650.0,89775.0,0.75,LT,119700.0
2049,FERNET BRANCA 450ML,12,118447.302,9870.608,0.45,LT,21934.684444444443
2051,HEINEKEN 0% PORRON 330ML,24,61822.774,2575.949,0.33,LT,7805.90606060606
2053,TRES PLUMAS BLUE CURACAO 700ML,6,32170.997,5361.833,0.7,LT,7659.761428571429
2054,TRES PLUMAS FRUTILLA 700ML,6,32170.997,5361.833,0.7,LT,7659.761428571429
2055,TRES PLUMAS CHOCOLATE 700ML,6,35103.551,5850.592,0.7,LT,8357.988571428572
2056,TRES PLUMAS DULCE DE LECHE 700ML,6,35103.551,5850.592,0.7,LT,8357.988571428572
2057,TRES PLUMAS CAFE AL COÑAC 700ML,6,33564.686,5594.114,0.7,LT,7991.591428571429
2058,TRES PLUMAS CHOCOLATE BLANCO 700ML,6,35103.551,5850.592,0.7,LT,8357.988571428572
2059,TRES PLUMAS MELON 700ML,6,32170.997,5361.833,0.7,LT,7659.761428571429
2060,TRES PLUMAS LIMONCELLO 700ML,6,32170.997,5361.833,0.7,LT,7659.761428571429
2061,DELLEPIANE GRANADINA 750ML,6,29851.834,4975.306,0.75,LT,6633.7413333333325
2062,BURNETT'S 1LTS,6,68737.056,11456.176,,,
2064,BRITVIC JUGO DE TOMATE 200ML,24,99183.146,4132.631,0.2,LT,20663.155
2073,TRUMPETER MALBEC 375ML,12,52083.0,4340.25,0.375,LT,11574.0
2075,CABRALES NES COLOMBIA X10UNI,12,103179.685,8598.307,,,
2077,CABRALES NES DECISO X10UNI,24,230476.102,9603.171,,,
2078,CABRALES NES PASSIONATO X10UNI,24,230476.102,9603.171,,,
2079,CABRALES NES DIMATTINA X10 UNI,24,230476.102,9603.171,,,
2082,BLENDERS PRIDE 750ML,6,51187.114,8531.186,0.75,LT,11374.914666666666
2083,PH ALCOHOL DE QUEMAR 500ML,12,22919.331,1909.944,0.5,LT,3819.888
2088,CALLIA CABERNET SAUVIGNON 750ML,6,22307.594,3717.932,0.75,LT,4957.242666666666
2089,CALLIA SAUVIGNON BLANC 750ML,6,22879.584,3813.264,0.75,LT,5084.352
2090,OLIOVITA ACETO REDUCCION BT 250ML,12,50551.39,4212.616,0.25,LT,16850.464
2091,OLIOVITA ACETO TRADICIONAL BT 250ML,12,41785.253,3482.104,0.25,LT,13928.416
2093,DON PERIGNON BLANC VINTAGE 750ML,6,3308370.005,551395.001,0.75,LT,735193.3346666667
2094,MOET CHANDON BRUT IMPERIAL 750ML,6,1024334.997,170722.5,0.75,LT,227630.0
2095,HENNESSY V.S 700ML,12,726202.621,60516.885,0.7,LT,86452.69285714287
2096,CHANDON EXTRA BRUT 750ML,6,92636.874,15439.479,0.75,LT,20585.971999999998
2097,CHANDON DELICE 750ML,6,92636.874,15439.479,0.75,LT,20585.971999999998
2098,CHANDON APERITIF 750ML,6,92636.874,15439.479,0.75,LT,20585.971999999998
2099,BARON B BRUT NATURE 750ML,6,273986.997,45664.5,0.75,LT,60886.0
2120,BRITVIC LATA GINGER ALE 150ML,24,71734.787,2988.949,0.15,LT,19926.326666666668
2121,CACHACA PITU CLASICA 1LTS,12,118515.479,9876.29,,,
2130,BRITVIC GINGER 200ML,24,81022.907,3375.954,0.2,LT,16879.77
2131,FOND CAVE RVA COSECHA TARDIA 500ML,6,44877.955,7479.659,0.5,LT,14959.318
2132,MACALLAN DOUBLE CASK 15 700ML,6,2965764.823,494294.137,0.7,LT,706134.4814285715
2136,MACALLAN TRIPLE CASK 12 700ML,12,2517522.958,209793.58,0.7,LT,299705.1142857143
2137,FERNET BRANCA MENTA 450ML,12,117288.192,9774.016,0.45,LT,21720.035555555554
2139,VAP BEEFEATER + COPA,4,99445.056,24861.264,,,
2140,ABSOLUT VAINILLA 700ML,6,137159.623,22859.937,0.7,LT,32657.052857142862
2143,ABSOLUT PEARS 700ML,6,137159.623,22859.937,0.7,LT,32657.052857142862
2144,ABSOLUT RASPBERRY 700ML,6,137159.623,22859.937,0.7,LT,32657.052857142862
2145,MOM GIN 700ML,3,235425.087,78475.029,0.7,LT,112107.18428571429
2146,CRUZAT PREMIER 2 BOTELLAS + 2 COPAS,1,61788.444,61788.444,,,
2147,CONQUISTADOR DE MEXICO 750ML,6,85327.475,14221.246,0.75,LT,18961.661333333333
2148,BROKERS 750ML,12,343035.0,28586.25,0.75,LT,38115.0
2150,GLENFIDDICH MALT 18YO 750ML,12,4400962.049,366746.837,0.75,LT,488995.78266666667
2151,JIM BEAM DEVILS CUT 750ML,12,756504.913,63042.076,0.75,LT,84056.10133333334
2152,BARILLA FUSILLI 500GR,12,60541.012,5045.084,0.5,KG,10090.168
2154,BARILLA PENNE RIGATE GLUTEN FREE 400GR,14,128080.63,9148.616,0.4,KG,22871.539999999997
2156,INTI ZEN HERBAL MIX X15 UNI,10,38146.145,3814.615,,,
2157,ZACAPA CENTENARIO XO GRAN RESERVA 750ML,6,1482622.864,247103.811,0.75,LT,329471.74799999996
2158,TALISKER 10 YO 750ML,6,919209.06,153201.51,0.75,LT,204268.68000000002
2161,DOMINIO EXTRA BRUT 750ML (X4),4,128108.871,32027.218,0.75,LT,42702.95733333333
2164,TRUMPETER MALBEC C/ESTUCHE 750ML,6,64552.951,10758.825,0.75,LT,14345.1
2165,RUTINI ALTAMIRA SINGLE VINEYARD MALBEC (C) 750ML,4,187223.4,46805.85,0.75,LT,62407.799999999996
2168,RUTINI CAB SAU MALBEC C/ESTUCHE X2 BOT 750ML,3,107365.501,35788.5,0.75,LT,47718.0
2169,DV CATENA CABERNET MALBEC C/ESTUCHE 750ML,3,90940.909,30313.636,0.75,LT,40418.181333333334
2171,NICOLA CATENA ZAPATA 750ML,6,573082.223,95513.704,0.75,LT,127351.60533333333
2172,SALENTEIN GRAN VU BLEND 2016 750ML,3,286780.499,95593.5,0.75,LT,127458.0
2175,ESC.GASCON PEQUEÑAS PRODU. MALBEC 750ML,4,86277.274,21569.318,0.75,LT,28759.090666666667
2177,ESC GASCON THE PRESIDENT BLEND 750ML,4,115425.0,28856.25,0.75,LT,38475.0
2178,ESCORIHUELA GASCON DON MALBEC 750ML,4,230850.0,57712.5,0.75,LT,76950.0
2181,LUIGI BOSCA BOHEME BRUT NATURE 750ML,4,180900.001,45225.0,0.75,LT,60300.0
2182,LUIGI BOSCA BRUT NATURE 750ML,6,123120.0,20520.0,0.75,LT,27360.0
2183,ABSOLUT MANDARIN 700ML,6,137159.623,22859.937,0.7,LT,32657.052857142862
2184,TRUMPETER RESERVA PINOT GRIGIO 750ML,6,55728.0,9288.0,0.75,LT,12384.0
2266,CASA ROSA VODKA ZAPALLO 500ML,12,70426.538,5868.878,0.5,LT,11737.756
2267,AMERICAN CLUB PIÑA COLADA 750ML,6,45713.011,7618.835,0.75,LT,10158.446666666667
2268,DOMINIO CHARDONNAY 750ML,6,122763.6,20460.6,0.75,LT,27280.8
2269,DOMINIO MALBEC 750ML,6,122763.6,20460.6,0.75,LT,27280.8
2270,DOMINIO EXTRA BRUT 750ML (X6),6,192164.94,32027.49,0.75,LT,42703.32
2271,ARYTZA MOSTAZA CLASICA 850GR,6,53703.0,8950.5,0.85,KG,10530.0
2274,CHANDON EXTRA BRUT MAGNUM 1.5 LTS,4,141075.198,35268.8,,,
2276,TERRAZAS GRAND CHARDONAY 750ML,6,278947.796,46491.299,0.75,LT,61988.39866666667
2277,TERRAZAS RESERVA CHARDONAY 750ML,6,89328.415,14888.069,0.75,LT,19850.758666666665
2278,TERRAZAS ORIGEN COMPUERTAS MB 750ML,6,115486.559,19247.76,0.75,LT,25663.679999999997
2279,BARON B BRUT ROSE 750ML,6,273986.997,45664.5,0.75,LT,60886.0
2280,CHANDON CUVEE RVA BLANC DE BLANC 750ML,6,150830.397,25138.4,0.75,LT,33517.86666666667
2281,RUTINI EXTRA BRUT 750ML,4,92010.155,23002.539,0.75,LT,30670.052
2282,CASALTA GLAZE AHUMADO PET 250ML,12,38793.1,3232.758,0.25,LT,12931.032
2283,CASALTA GLAZE CURRY PET 250ML,12,40471.901,3372.658,0.25,LT,13490.632
2284,CASALTA GLAZE 4 PIMIENTAS PET 250ML,12,40471.901,3372.658,0.25,LT,13490.632
2285,CASALTA REDUCCION PET 250ML,12,38793.1,3232.758,0.25,LT,12931.032
2286,FOND CAVE RESERVA SAUVIGNON BLANC 750ML,6,49864.273,8310.712,0.75,LT,11080.949333333332
2287,CASA ROSA LONDON DRY ARGENTINO 500ML,12,88032.074,7336.006,0.5,LT,14672.012
2288,CASALTA ACETO CLASICO PET 250ML,12,30011.357,2500.946,0.25,LT,10003.784
2289,WYBOROWA RASPBERRY 700ML,12,75344.486,6278.707,0.7,LT,8969.58142857143
2290,ETCHART SV CABERNET FRANC 750ML,6,89841.528,14973.588,0.75,LT,19964.784
2291,ETCHART SV PETIT VERDOT 750ML,6,89840.867,14973.478,0.75,LT,19964.637333333332
2292,ETCHART SV VIOGNIER 750ML,6,89841.528,14973.588,0.75,LT,19964.784
2293,ETCHART SV MALBEC 750ML,6,89841.528,14973.588,0.75,LT,19964.784
2297,AMANDE ALMENDRA 1LTS,8,37405.843,4675.73,,,
2298,AMANDE COCO 1LTS,8,32042.736,4005.342,,,
2299,AMANDE MANI 1LTS,8,25174.195,3146.774,,,
2300,AMANDE LIVIANA 1LTS,8,31415.472,3926.934,,,
2302,GLEN MORAY ELGIN CLASSIC 700ML,6,354172.501,59028.75,0.7,LT,84326.78571428572
2307,ACONCAGUA MINIATURA 50ML,12,47968.199,3997.35,0.05,LT,79947.0
2308,BELVEDERE PURE 700ML,6,556937.353,92822.892,0.7,LT,132604.13142857145
2311,ROSELL BOHER BRUT C/ESTUCHE 750ML,4,142363.979,35590.995,0.75,LT,47454.66
2312,JEREZ TIO PEPE 750ML,12,444608.999,37050.75,0.75,LT,49401.0
2313,SAINT FELICIEN PINOT NOIR 750ML,6,58540.91,9756.818,0.75,LT,13009.090666666665
2314,CHANDON ROSE 750ML,6,92636.874,15439.479,0.75,LT,20585.971999999998
2315,TERRAZAS MALBEC ROSE 750ML,6,89328.415,14888.069,0.75,LT,19850.758666666665
2316,KADOYA ACEITE DE SESAMO PURO 327ML,12,266358.014,22196.501,0.327,LT,67879.20795107033
2317,ROSELL BOHER ROSE ESTUCHE 750ML,4,176727.622,44181.906,0.75,LT,58909.208000000006
2318,RAMAZZOTTI ROSATO 700ML,6,47962.592,7993.765,0.7,LT,11419.664285714287
2320,ACONCAGUA FRUTOS ROJOS 750ML,6,93652.2,15608.7,0.75,LT,20811.600000000002
2321,ACONCAGUA FRUTOS ROJOS 355ML,12,51775.201,4314.6,0.355,LT,12153.80281690141
2322,KILLKA CABERNET SAUVIGNON 750ML,6,35631.494,5938.582,0.75,LT,7918.109333333334
2331,TRUMPETER EXTRA BRUT C/ESTUCHE 750ML,6,100103.849,16683.975,0.75,LT,22245.3
2332,TERRAZAS RESERVA MALBEC 750ML,6,89328.415,14888.069,0.75,LT,19850.758666666665
2333,RUTINI GUALTALLARY MALBEC (M) 750ML,6,267461.994,44576.999,0.75,LT,59435.998666666674
2334,RUTINI ALTAMIRA SINGLE VINEYARD MALBEC (M) 750ML,6,280835.1,46805.85,0.75,LT,62407.799999999996
2335,RUTINI ANTOLOGIA XXXVIII (M) 750ML,6,290364.749,48394.125,0.75,LT,64525.5
2336,RUTINI APARTADO GRAN MALBEC (M) 750ML,6,547560.0,91260.0,0.75,LT,121680.0
2337,RUTINI GUALTALLARY CABERNET FRANC (M) 750ML,6,267461.994,44576.999,0.75,LT,59435.998666666674
2345,2456 CHENIN 750ML,6,74115.162,12352.527,0.75,LT,16470.036
2347,ROSELL BOHER GRAND CUVEE C/ESTUCHE 750ML,4,238090.793,59522.698,0.75,LT,79363.59733333332
2348,ITALIA BARSOL 750ML,6,459456.395,76576.066,0.75,LT,102101.42133333335
2349,BUFFALO TRACE 750ML,12,674995.2,56249.6,0.75,LT,74999.46666666666
2354,GAMBEI EXTRA BRUT 750ML,6,28003.938,4667.323,0.75,LT,6223.097333333334
2361,DV CATENA ADRIANNA MALBEC 750ML,4,112725.001,28181.25,0.75,LT,37575.0
2362,GIN SPIRITO BLU 700ML,6,90793.139,15132.19,0.7,LT,21617.414285714287
2363,VIÑALBA MALBEC 750ML,6,51010.498,8501.75,0.75,LT,11335.666666666666
2365,ALMA MORA CHARDONNAY 750ML,6,28738.576,4789.763,0.75,LT,6386.350666666666
2367,ESPERADO MALBEC 750ML,6,25126.687,4187.781,0.75,LT,5583.708
2368,SKYY BLOOD ORANGE 750ML,12,99619.164,8301.597,0.75,LT,11068.796
2369,ALTURA MALBEC 750ML,6,74383.82,12397.303,0.75,LT,16529.737333333334
2370,ALTURA CABERNET FRANC 750ML,6,74383.82,12397.303,0.75,LT,16529.737333333334
2371,ALTURA WHITE BLEND 750ML,6,74383.82,12397.303,0.75,LT,16529.737333333334
2375,ABSOLUT MANGO 700ML,6,137159.623,22859.937,0.7,LT,32657.052857142862
2376,ARYTZA CHIMICHURRI ETIQUETA NEGRA (BALDE) 4.3KG,1,44006.626,44006.626,4.3,KG,10234.09906976744
2377,ARYTZA MOSTAZA AHUMADA (BALDE) 4.5KG,1,39531.375,39531.375,4.5,KG,8784.75
2378,RUTINI ANTOLOGIA LI 750ML,4,213758.999,53439.75,0.75,LT,71253.0
2380,ALMA NEGRA TINTO 750ML,6,160378.664,26729.777,0.75,LT,35639.702666666664
2381,PADRILLOS MALBEC 750ML,6,44550.446,7425.074,0.75,LT,9900.098666666667
2382,PADRILLOS ROSE 750ML,6,40502.633,6750.439,0.75,LT,9000.585333333334
2383,PADRILLOS PINOT NOIR 750ML,6,51842.39,8640.398,0.75,LT,11520.530666666666
2385,NORTON LOTE NEGRO 750ML,6,117147.825,19524.637,0.75,LT,26032.84933333333
2388,NORTON LOTE BLANCO 750ML,6,118586.925,19764.487,0.75,LT,26352.649333333335
2391,CIROC PEACH 750ML,12,685440.0,57120.0,0.75,LT,76160.0
2393,CIROC COCONUT 750ML,12,685440.0,57120.0,0.75,LT,76160.0
2394,OPORTO TAYLORS FINE RUBY 750ML,6,198449.995,33074.999,0.75,LT,44099.998666666674
2395,MARTIN MILLERS GIN REGULAR 700ML,6,300133.14,50022.19,0.7,LT,71460.27142857143
2396,LICOR 43 ORIGINAL 700ML,6,251521.103,41920.184,0.7,LT,59885.97714285715
2397,LICOR 43 HORCHATA 700ML,6,268972.573,44828.762,0.7,LT,64041.088571428576
2399,REMY MARTIN VSOP 700ML,6,890554.499,148425.75,0.7,LT,212036.78571428574
2401,CORRALEJO REPOSADO 750ML,6,419215.5,69869.25,0.75,LT,93159.0
2403,FINCA LOS NOBLES CABERNET BOUCHET 750ML,4,247049.999,61762.5,0.75,LT,82350.0
2404,LOS NOBLES MALBEC SINGLE VINEYARD 750ML,4,205200.0,51300.0,0.75,LT,68400.0
2405,LUIGI BOSCA PARAISO 750ML,6,795825.001,132637.5,0.75,LT,176850.0
2407,ENCUENTRO PINOT NOIR BRUT NATURE 750ML,6,218392.201,36398.7,0.75,LT,48531.6
2408,JACK DANIELS APPLE 700ML,12,446271.357,37189.28,0.7,LT,53127.54285714286
2409,OLIOVITA ACETO TRADICIONAL BT 500ML,12,65184.994,5432.083,0.5,LT,10864.166
2410,OLIOVITA ACETO REDUCCION BT 500ML,12,78881.813,6573.484,0.5,LT,13146.968
2412,JACK DANIELS FIRE 750ML,12,446271.357,37189.28,0.75,LT,49585.706666666665
2421,BRANDY BARDINET NAPOLEON 700ML,12,235699.2,19641.6,0.7,LT,28059.428571428572
2422,JACK DANIELS GENTLEMAN JACK 750ML,12,614776.892,51231.408,0.75,LT,68308.54400000001
2423,ABSOLUT APEACH 700ML,6,137159.623,22859.937,0.7,LT,32657.052857142862
2425,ST GERMAIN 750ML,6,613909.553,102318.259,0.75,LT,136424.34533333333
2426,ACONCAGUA CERAMICA 950ML,4,187304.4,46826.1,0.95,LT,49290.63157894737
2429,ESPERADO SYRAH MALBEC 750ML,6,25126.687,4187.781,0.75,LT,5583.708
2430,ESPERADO SYRAH CABERNET 750ML,6,25126.687,4187.781,0.75,LT,5583.708
2433,PORTILLO SYRAH 750ML,6,26148.096,4358.016,0.75,LT,5810.687999999999
2448,TRES PLUMAS MANZANA 700ML,6,32170.997,5361.833,0.7,LT,7659.761428571429
2450,GLENMORANGIE 750ML,6,726390.138,121065.023,0.75,LT,161420.03066666666
2451,VEUVE CLICQUOT RICH ON ICE 750ML,6,1225224.005,204204.001,0.75,LT,272272.0013333333
2452,VEUVE CLICQUOT BRUT ROSE 750ML,6,1337934.004,222989.001,0.75,LT,297318.668
2453,ABSOLUT WILD BERRI 700ML,6,137159.623,22859.937,0.7,LT,32657.052857142862
2460,CHANDON EXTRA BRUT 187ML,24,109633.439,4568.06,0.187,LT,24428.128342245993
2462,FABRE MONTMAYOU TERRUÑO MALBEC 750ML,6,70901.59,11816.932,0.75,LT,15755.909333333335
2463,INTI HEBRAS BLUE EARL GREY X12 UNI,10,48110.985,4811.099,,,
2465,INTI HEBRAS SAKURA SEXY ROSE X12 UNI,10,48110.985,4811.099,,,
2466,INTI HEBRAS ORANGE GREEN LOVE X12 UNI,10,48110.985,4811.099,,,
2468,VIÑALBA RESERVA MALBEC 750ML,6,52674.911,8779.152,0.75,LT,11705.536
2470,AMALAYA BLANCO 750ML,6,33305.58,5550.93,0.75,LT,7401.240000000001
2471,AMALAYA ROSADO 750ML,6,33305.58,5550.93,0.75,LT,7401.240000000001
2472,AMALAYA MALBEC 750ML,6,33305.58,5550.93,0.75,LT,7401.240000000001
2473,AMALAYA GRAN CORTE 750ML,6,62868.957,10478.16,0.75,LT,13970.88
2475,CABRALES CAFE AL GRANO 1KG,6,300408.491,50068.082,1.0,KG,50068.082
2476,CABRALES CAFE EN GRANO PRESTIGE 1KG,6,300408.491,50068.082,1.0,KG,50068.082
2477,VARGAS ACHOLADO 750ML,12,246239.916,20519.993,0.75,LT,27359.990666666665
2479,PORTILLO MERLOT 750ML,6,26148.096,4358.016,0.75,LT,5810.687999999999
2480,TRUMPETER CABERNET FRANC 750ML,6,41917.5,6986.25,0.75,LT,9315.0
2481,TRUMPETER MERLOT 750ML,6,41917.5,6986.25,0.75,LT,9315.0
2482,SALENTEIN RESERVE CABERNET FRANC 750ML,6,56177.55,9362.925,0.75,LT,12483.9
2483,MONTECITOS MIEL LIQUIDA 350GR,15,64891.125,4326.075,0.35,KG,12360.214285714286
2484,TRES PLUMAS BANANA CON DULCE DE LECHE 700ML,6,35103.551,5850.592,0.7,LT,8357.988571428572
2485,TRES PLUMAS CAFE AL CHOCOLATE 700ML,6,33564.686,5594.114,0.7,LT,7991.591428571429
2487,LIVENZA SPRITZ 750ML,6,51448.335,8574.722,0.75,LT,11432.962666666666
2490,OLIOVITA GOURMET BAG IN BOX 3LTS (N),4,256865.344,64216.336,,,
2494,ROSA MOSQUETA BAG IN BOX 10LTS,1,80695.913,80695.913,,,
2496,GORDONS PINK 700ML,6,95526.198,15921.033,0.7,LT,22744.332857142857
2497,PRINCIPE DE LOS APOSTOLES SERIGRAFIADA 750ML,6,88337.197,14722.866,0.75,LT,19630.488
2498,ENVIO,1,5000.567,5000.567,,,
2500,CALLIA SYRAH MALBEC 750ML,6,22307.594,3717.932,0.75,LT,4957.242666666666
2501,COLOME ESTATE MALBEC 750ML,6,79300.619,13216.77,0.75,LT,17622.36
2502,AMALAYA DULCE 750ML,6,33305.58,5550.93,0.75,LT,7401.240000000001
2503,AMALAYA CORTE UNICO 750ML,6,114154.673,19025.779,0.75,LT,25367.70533333333
2504,SPEED UNLIMITED 250ML,24,33266.376,1386.099,0.25,LT,5544.396
2515,MUMM LEGER LATA 269ML,24,56855.428,2368.976,0.269,LT,8806.602230483271
2518,LEE KUM KEE SALSA DE OSTRAS 2KG,6,186494.114,31082.352,2.0,KG,15541.176
2519,COLOME ESTATE TORRONTES 750ML,6,79300.619,13216.77,0.75,LT,17622.36
2520,COLOME AUTENTICO 750ML,6,102876.475,17146.079,0.75,LT,22861.43866666667
2521,COLOME 1831 MALBEC 750ML,6,213961.5,35660.25,0.75,LT,47547.0
2522,ESCORIHUELA GASCON CAB.SAUVIGNON 750ML,6,45470.454,7578.409,0.75,LT,10104.545333333333
2523,FAMILIA GASCON MALBEC 750ML,6,28681.366,4780.228,0.75,LT,6373.637333333333
2524,HERACLITO & MACEDONIO 750ML,6,76323.36,12720.56,0.75,LT,16960.746666666666
2525,HERACLITO BLEND DE TECNICAS 750ML,6,80812.969,13468.828,0.75,LT,17958.43733333333
2526,HERACLITO 40 BOTANICOS 750ML,3,65099.337,21699.779,0.75,LT,28933.038666666664
2532,ASAHI CERVEZA SUPER DRY PORRON 330ML,24,77252.421,3218.851,0.33,LT,9754.093939393939
2533,PERONI CERVEZA NASTRO AZZURRO PORRON 330ML,24,67201.086,2800.045,0.33,LT,8484.984848484848
2535,LA FUERZA VERMOUTH ROJO 750ML,6,96910.826,16151.804,0.75,LT,21535.738666666668
2536,LA FUERZA VERMOUTH PRIMAVERA 750ML,6,96910.826,16151.804,0.75,LT,21535.738666666668
2537,LA FUERZA VERMOUTH BLANCO 750ML,6,96910.826,16151.804,0.75,LT,21535.738666666668
2538,LA FUERZA VERMOUTH SIDERAL 750ML,6,138463.827,23077.305,0.75,LT,30769.74
2540,ACQUA PANNA 24X 505ML,1,114939.002,114939.002,12.12,LT,9483.41600660066
2541,SAN PELLEGRINO C/ GAS 24X 505ML,1,114939.002,114939.002,12.12,LT,9483.41600660066
2543,ARYTZA KETCHUP AHUMADO (BALDE) 4.5KG,1,49973.624,49973.624,4.5,KG,11105.249777777779
2546,WOKKA SAKI 750ML,12,423856.375,35321.365,0.75,LT,47095.15333333333
2547,TEQUILA 1800 BLANCO 750ML,12,748096.846,62341.404,0.75,LT,83121.872
2548,TEQUILA 1800 REPOSADO 750ML,12,748096.846,62341.404,0.75,LT,83121.872
2549,TEQUILA 1800 AÑEJO 750ML,6,584450.655,97408.442,0.75,LT,129877.92266666667
2550,TEQUILA 1800 CRISTALINO 700ML,6,654584.749,109097.458,0.7,LT,155853.51142857142
2551,FAMILIA GASCON EXTRA BRUT 750ML,6,45470.454,7578.409,0.75,LT,10104.545333333333
2552,ARYTZA BARBACOA BALDE 4.5KG,1,37357.895,37357.895,4.5,KG,8301.754444444443
2557,INTI HEBRAS BLUE EARL GREY X10 UNI,6,25962.359,4327.06,,,
2558,INTI HEBRAS BUENA VIBRA CHAI X10 UNI,6,25962.359,4327.06,,,
2559,INTI HEBRAS SAKURA SEXY ROSE X10 UNI,6,25962.359,4327.06,,,
2561,INTI HEBRAS BE ORANGE X10 UNI,6,25962.359,4327.06,,,
2562,INTI ZEN PAMPA DULCE X15 UNI,10,28330.555,2833.056,,,
2563,YOUNG BLOOD MARY MIX LATA 354ML,12,39647.465,3303.955,0.354,LT,9333.206214689266
2566,PINERAL 750ML,12,114778.101,9564.842,0.75,LT,12753.122666666668
2569,MUMM CUVEE R. BRUT ROSE LATA 269ML,24,56855.428,2368.976,0.269,LT,8806.602230483271
2570,ANTICA FORMULA 1LTS,6,353725.608,58954.268,,,
2571,OLIOVITA ACEITUNAS DESCAROZADAS 3.2KG,1,7661.626,7661.626,3.2,KG,2394.258125
2572,OLIOVITA ACEITUNAS ENTERAS 3.2KG,1,6325.296,6325.296,3.2,KG,1976.655
2573,OLIOVITA ACEITUNAS EN RODAJAS 3.2KG,1,7661.626,7661.626,3.2,KG,2394.258125
2574,CASALTA DE ARROZ 1LTS,12,27113.492,2259.458,,,
2575,CASALTA GLAZE AJI PICANTE 250ML,12,42612.096,3551.008,0.25,LT,14204.032
2576,INTI HEBRAS VERDE SENCHA X10 UNI,6,25962.359,4327.06,,,
2577,INTI HEBRAS FEELING HAPPY X10 UNI,6,25962.359,4327.06,,,
2578,INTI HEBRAS BE BERRIES X10 UNI,6,25962.359,4327.06,,,
2579,J&B RARE 750ML,12,325994.95,27166.246,0.75,LT,36221.66133333333
2580,SCHNEIDER LATA 710ML,24,56797.83,2366.576,0.71,LT,3333.205633802817
2582,CHANDON DELICE ROSE 750ML,6,92636.874,15439.479,0.75,LT,20585.971999999998
2584,INTI HEBRAS ENGLISH BREAKFAST X10 UNI,6,25962.359,4327.06,,,
2585,INTI HEBRAS ORANGE GREEN LOVE X10 UNI,6,25962.359,4327.06,,,
2586,ACONCAGUA FRUTOS ROJOS (ALUMINIO) 500ML,10,79947.0,7994.7,0.5,LT,15989.4
2587,JACK DANIELS TW 1LTS,12,616773.673,51397.806,,,
2599,OLIOVITA GOURMET BT 500ML,12,133699.48,11141.623,0.5,LT,22283.246
2604,INTI ZEN ILUMINE X50 UNI,4,34435.983,8608.996,,,
2605,INTI ZEN CAJA MADERA VACIA,1,37846.38,37846.38,,,
2607,BRIGHTON TANGERINE 700ML,6,61411.114,10235.186,0.7,LT,14621.694285714286
2608,BRIGHTON PINK 700ML,6,61411.114,10235.186,0.7,LT,14621.694285714286
2610,CABRALES NES PERU X10 UNI,12,126990.381,10582.532,,,
2614,CAPEL DOBLE DESTILADO 700ML,12,263848.498,21987.375,0.7,LT,31410.535714285717
2615,SPEED UNLIMITED XL 473ML,12,25951.752,2162.646,0.473,LT,4572.190274841439
2616,HEINEKEN LATA 710ML,24,92731.503,3863.813,0.71,LT,5441.9901408450705
2617,CAMPARI 1 LTS,6,73586.191,12264.365,,,
2618,LARIOS (ESTUCHE) 700ML,6,70578.292,11763.049,0.7,LT,16804.355714285717
2627,ANIMAL EXTRA BRUT 750ML,6,75330.486,12555.081,0.75,LT,16740.108
2628,OLIOVITA ACEITUNAS ENTERAS 300GR,24,24663.759,1027.657,0.3,KG,3425.523333333333
2629,OLIOVITA ACEITUNAS ENTERAS 220GR,24,18701.092,779.212,0.22,KG,3541.8727272727274
2630,OLIOVITA ACEITUNAS DESCAROZADAS 220GR,24,21763.735,906.822,0.22,KG,4121.918181818181
2631,OLIOVITA ACEITUNAS DESCAROZADAS 300GR,24,28458.184,1185.758,0.3,KG,3952.526666666667
2633,ACONCAGUA BAG IN BOX 5LTS,1,31217.4,31217.4,,,
2634,AJENJO VERMUT ROSSO 750ML,6,34612.428,5768.738,0.75,LT,7691.650666666667
2635,AJENJO VERMUT ROJO 750ML,6,34612.428,5768.738,0.75,LT,7691.650666666667
2639,FINCA LOS NOBLES MALBEC DOC 750ML,4,247049.999,61762.5,0.75,LT,82350.0
2640,HERACLITO 40 BOTANICOS 750ML (N),6,130198.673,21699.779,0.75,LT,28933.038666666664
2641,DEC MANI TOSTADO SALADO (POUCH) 250GR,12,23365.584,1947.132,0.25,KG,7788.528
2642,ACUERDO 1 CLASICO,1,206475.991,206475.991,,,
2645,ACUERDO 2 CLASICO,1,206475.991,206475.991,,,
2646,ACUERDO 3 CLASICO,1,206475.991,206475.991,,,
2647,ACUERDO 4 VARIETAL,1,206475.991,206475.991,,,
2648,ACUERDO 5 VARIETAL,1,206475.991,206475.991,,,
2649,ACUERDO 6 VARIETAL,1,206475.991,206475.991,,,
2650,ACUERDO 7 CLASICO,1,206475.991,206475.991,,,
2652,CHANDON EXTRA BRUT C/ESTUCHE 750ML,6,102542.164,17090.361,0.75,LT,22787.148
2653,BALLANTINES FINEST LENNON 700ML,6,175464.946,29244.158,0.7,LT,41777.368571428575
2654,FERNET CHOLA 1LTS,6,140561.326,23426.888,,,
2657,BALLANTINES FINEST ELTON JOHN 700ML,6,175464.946,29244.158,0.7,LT,41777.368571428575
2660,INTI HEBRAS BE RELAX X10 UNI,6,25962.359,4327.06,,,
2673,LUIGI BOSCA INSIGNIA MALBEC 750ML,6,80028.001,13338.0,0.75,LT,17784.0
2680,JOHNNIE WALKER BLONDE 750ML,12,453600.081,37800.007,0.75,LT,50400.00933333333
2682,ALWA NACHOS CON CHIA 80GR,18,19300.242,1072.236,0.08,KG,13402.95
2684,LUIGI BOSCA PARAISO 750ML (M),4,454950.001,113737.5,0.75,LT,151650.0
2685,LUIGI BOSCA DE SANGRE CORTE 750ML,6,95256.001,15876.0,0.75,LT,21168.0
2688,VOLCAN DE MI TIERRA BLANCO 700ML,6,496245.467,82707.578,0.7,LT,118153.68285714286
2689,VOLCAN DE MI TIERRA REPOSADO 700ML,6,571217.798,95202.966,0.7,LT,136004.23714285716
2690,AJENJO VERMUT DRY 750ML,6,34612.428,5768.738,0.75,LT,7691.650666666667
2691,TRANE LONDON DRY GIN 750ML,6,32880.017,5480.003,0.75,LT,7306.670666666666
2700,IMPERIAL GOLDEN 0% LATA 355ML,24,36253.976,1510.582,0.355,LT,4255.160563380282
2701,IMPERIAL GOLDEN PORRON 330ML,24,46770.268,1948.761,0.33,LT,5905.336363636363
2702,GLENFIDDICH 15YO 750ML,12,2682665.934,223555.494,0.75,LT,298073.992
2710,JACK DANIELS FIRE 700ML,6,223135.674,37189.279,0.7,LT,53127.541428571436
2711,JACK DANIELS SINGLE BARREL SELECT TW 700ML,6,467522.375,77920.396,0.7,LT,111314.85142857142
2712,BULLEIT 700ML,12,636533.841,53044.487,0.7,LT,75777.83857142858
2713,ALMA NEGRA ORANGE 750ML,6,210598.988,35099.831,0.75,LT,46799.774666666664
2714,INTI HEBRAS BE SWEET X10 UNI,6,25962.359,4327.06,,,
2719,SALENTEIN NUMINA CAB. SAUVIGNON 750ML,6,74641.5,12440.25,0.75,LT,16587.0
2720,SALENTEIN NUMINA PINOT NOIR 750ML,6,82498.499,13749.75,0.75,LT,18333.0
2723,OLIOVITA GOURMET LATA 500ML,24,387992.407,16166.35,0.5,LT,32332.7
2724,FABRE MONTMAYOU TERRUÑO CHARDONNAY 750ML,6,70901.59,11816.932,0.75,LT,15755.909333333335
2725,LA MASCOTA ROSE 750ML,6,72691.347,12115.224,0.75,LT,16153.632
2726,SALENTEIN BARREL SELECTION MAL-CAB 750ML,6,39677.851,6612.975,0.75,LT,8817.300000000001
2728,FABRE MONTMAYOU TERRUÑO CAB. FRANC 750ML,6,70901.59,11816.932,0.75,LT,15755.909333333335
2729,PATRON REPOSADO 750ML,12,1809636.726,150803.06,0.75,LT,201070.74666666667
2730,PATRON SILVER 750ML,12,1672543.035,139378.586,0.75,LT,185838.1146666667
2731,THE DEACON 700ML,6,487878.729,81313.121,0.7,LT,116161.60142857143
2732,TX BOURBON 700ML,6,302731.284,50455.214,0.7,LT,72078.87714285715
2741,SPEED UNLIMITED ZERO XL 473ML,12,25951.752,2162.646,0.473,LT,4572.190274841439
2742,TRUMPETER MALBEC 1.5 LTS,4,53865.0,13466.25,,,
2743,LA MASCOTA CAB.FRANC 750ML,6,72691.347,12115.224,0.75,LT,16153.632
2744,HEINEKEN 0% 473ML,24,63857.227,2660.718,0.473,LT,5625.1966173361525
2745,NUVO L'ESPRIT 700ML,12,873599.188,72799.932,0.7,LT,103999.90285714286
2747,JACK DANIELS SINATRA SELECT 1LTS,6,1397317.195,232886.199,,,
2748,MONTELOBOS ESPADIN 750ML,6,631564.857,105260.809,0.75,LT,140347.74533333333
2749,MEZCAL DF 750ML,6,617311.947,102885.325,0.75,LT,137180.43333333332
2751,DAMONJAG 1LTS,6,149238.641,24873.107,,,
2758,ETCHART COSECHA 92 750ML,3,150799.166,50266.389,0.75,LT,67021.852
2759,CHELO LIMONCELLO 750ML,6,99970.2,16661.7,0.75,LT,22215.600000000002
2760,CHELO MARACUYA 750ML,6,99970.2,16661.7,0.75,LT,22215.600000000002
2761,LUCA CHARDONNAY 750ML,6,143572.497,23928.749,0.75,LT,31904.998666666666
2762,LUCA PINOT NOIR 750ML,6,150862.498,25143.75,0.75,LT,33525.0
2763,LUCA MALBEC 750ML,6,177389.998,29565.0,0.75,LT,39420.0
2764,ARYTZA SALSA CAESAR (BALDE) 2.9KG,1,28343.251,28343.251,2.9,KG,9773.534827586207
2765,CABRALES NES VITA X10 UNI,12,103179.685,8598.307,,,
2766,SALENTEIN BARREL SELECTION MAL-PET 750ML,6,39677.851,6612.975,0.75,LT,8817.300000000001
2769,INTI HEBRAS BUENA VIBRA CHAI 80GR,4,39883.891,9970.973,0.08,KG,124637.16249999999
2770,INTI HEBRAS FEELING HAPPY 80GR,4,39883.891,9970.973,0.08,KG,124637.16249999999
2771,INTI HEBRAS MATCHA DETOX 80GR,4,39883.891,9970.973,0.08,KG,124637.16249999999
2772,INTI HEBRAS ORANGE GREEN LOVE 80GR,4,39883.891,9970.973,0.08,KG,124637.16249999999
2773,INTI HEBRAS BE ORANGE 80GR,4,39883.891,9970.973,0.08,KG,124637.16249999999
2774,INTI HEBRAS BE BERRIES 80GR,4,39883.891,9970.973,0.08,KG,124637.16249999999
2775,INTI HEBRAS BE RELAX 80GR,4,39883.891,9970.973,0.08,KG,124637.16249999999
2776,INTI HEBRAS ENGLISH BREAKFAST 300GR,3,77896.781,25965.594,0.3,KG,86551.98000000001
2777,INTI HEBRAS BLUE EARL GREY 300GR,3,77896.781,25965.594,0.3,KG,86551.98000000001
2778,INTI HEBRAS BUENA VIBRA CHAI 300GR,3,77896.781,25965.594,0.3,KG,86551.98000000001
2779,INTI HEBRAS VERDE SENCHA 300GR,3,77896.781,25965.594,0.3,KG,86551.98000000001
2780,INTI HEBRAS BE ORANGE 300GR,3,77896.781,25965.594,0.3,KG,86551.98000000001
2781,INTI HEBRAS BE BERRIES 300GR,3,77896.781,25965.594,0.3,KG,86551.98000000001
2782,INTI HEBRAS BE RELAX 300GR,3,77896.781,25965.594,0.3,KG,86551.98000000001
2783,AGUARDIENTE CACHACA 51 965ML,12,256381.414,21365.118,0.965,LT,22140.01865284974
2786,TERRAZAS RESERVA PINOT NOIR 750ML,6,89328.415,14888.069,0.75,LT,19850.758666666665
2787,CHANDON CUVEE RESERVE BLANC DE NOIR 750ML,6,150830.397,25138.4,0.75,LT,33517.86666666667
2788,SKYY COSMIC 700ML,12,99619.164,8301.597,0.7,LT,11859.424285714285
2790,CLOS DE LOS SIETE BLEND 750ML,6,94089.6,15681.6,0.75,LT,20908.8
2791,MARIFLOR MALBEC 750ML,6,114545.445,19090.907,0.75,LT,25454.542666666664
2792,MARIFLOR PINOT NOIR 750ML,6,143999.945,23999.991,0.75,LT,31999.988
2793,MARIFLOR SAUVIGNON BLANC 750ML,6,131727.222,21954.537,0.75,LT,29272.716
2794,TRUMPETER RESERVE TORRONTES 750ML,6,55728.0,9288.0,0.75,LT,12384.0
2795,CUCHILLO DE PALO ROSE 750ML,6,100035.54,16672.59,0.75,LT,22230.12
2796,CUCHILLO DE PALO PINOT NOIR 750ML,6,83025.905,13837.651,0.75,LT,18450.201333333334
2797,LUCA SYRAH 750ML,6,143572.497,23928.749,0.75,LT,31904.998666666666
2798,PETITE FLEUR MALBEC 750ML,6,101176.347,16862.725,0.75,LT,22483.63333333333
2799,PETITE FLEUR CHARDONNAY 750ML,6,101176.347,16862.725,0.75,LT,22483.63333333333
2800,PETITE FLEUR CABERNET FRANC 750ML,6,101176.347,16862.725,0.75,LT,22483.63333333333
2801,PETITE FLEUR BLEND 750ML,6,101176.347,16862.725,0.75,LT,22483.63333333333
2802,INTI HEBRAS HORECA MIX X50 UNI,1,19991.639,19991.639,,,
2803,TRES PLUMAS CAFE AL RON 750ML,6,33564.686,5594.114,0.75,LT,7458.818666666666
2804,PURISIMA ENTERA 800GR,12,91639.35,7636.613,0.8,KG,9545.76625
2805,PURISIMA ENTERA 200GR,24,48318.93,2013.289,0.2,KG,10066.445
2806,PURISIMA ENTERA 400GR,16,62425.836,3901.615,0.4,KG,9754.037499999999
2807,PURISIMA DESCREMADA 800GR,12,86562.432,7213.536,0.8,KG,9016.92
2808,PURISIMA DESCREMADA 200GR,24,45476.64,1894.86,0.2,KG,9474.3
2809,PURISIMA DESCREMADA 400GR (POUCH),16,58753.728,3672.108,0.4,KG,9180.27
2810,PURISIMA STICK DESCREMADA X30 UNI,20,68852.025,3442.601,,,
2811,PURISIMA DESLACTOSADA 0% CAJA 400GR,12,52533.36,4377.78,0.4,KG,10944.449999999999
2812,TRES PLUMAS CAFE AL WHISKY 750ML,6,33564.686,5594.114,0.75,LT,7458.818666666666
2815,ARYTZA SALSA CRIOLLA BALDE 3.2 KG,1,52658.775,52658.775,3.2,KG,16455.8671875
2819,MARLEY BLANCO SIMPLE X20 UNI,1,20477.875,20477.875,,,
2820,PRINCIPE DE LOS APOSTOLES MEMBRILLO 750ML,6,101587.688,16931.281,0.75,LT,22575.04133333333
2821,INTI ZEN PACK CARTON X120 UNI,1,27180.967,27180.967,,,
2822,INTI CAJA EXHIBIDORA PIRAMIDE,1,34741.85,34741.85,,,
2824,SHIVA PIMENTON AHUMADO 100GR,25,49725.249,1989.01,0.1,KG,19890.1
2825,SHIVA CARBON VEGETAL 100GR,25,49725.249,1989.01,0.1,KG,19890.1
2826,SHIVA MIX DE SEMILLAS 100GR,25,49725.249,1989.01,0.1,KG,19890.1
2827,SHIVA MEDITERRANEAS 100GR,25,59670.001,2386.8,0.1,KG,23868.0
2828,INTI HEBRAS COMBO 1,1,34741.85,34741.85,,,
2829,INTI HEBRAS COMBO 2,1,19991.639,19991.639,,,
2830,H J. FABRE MALBEC ROSE 750ML,6,50097.353,8349.559,0.75,LT,11132.745333333332
2831,FABRE M. GRAN RESERVA MALBEC 750ML,6,110457.292,18409.549,0.75,LT,24546.065333333332
2833,INTI HEBRAS FEELING HAPPY 300GR,3,77896.781,25965.594,0.3,KG,86551.98000000001
2834,INTI HEBRAS MATCHA DETOX 300GR,3,77896.781,25965.594,0.3,KG,86551.98000000001
2835,INTI HEBRAS ORANGE GREEN LOVE 300GR,3,77896.781,25965.594,0.3,KG,86551.98000000001
2842,ESPOLON BLANCO 750ML,6,249272.608,41545.435,0.75,LT,55393.91333333333
2843,ESPOLON REPOSADO 750ML,6,306563.576,51093.929,0.75,LT,68125.23866666666
2844,YACI IGUAZU PACK X6 355ML,1,9266.399,9266.399,0.355,LT,26102.532394366197
2845,YACI PAMPA PACK X6 355ML,1,9266.399,9266.399,0.355,LT,26102.532394366197
2846,YACI PATAGONIA PACK X6 355ML,1,9266.399,9266.399,0.355,LT,26102.532394366197
2849,HODLMOSER 700ML,6,131365.8,21894.3,0.7,LT,31277.57142857143
2851,KILLKA BLEND CORTE DE TINTAS 750ML,6,35631.494,5938.582,0.75,LT,7918.109333333334
2852,TRUMPETER RESERVE CAB. SAUVIGNON 750ML,6,55728.0,9288.0,0.75,LT,12384.0
2853,OLIOVITA ACEITUNAS EN RODAJAS 220GR,24,21763.735,906.822,0.22,KG,4121.918181818181
2854,OLIOVITA ACEITUNAS EN RODAJAS 300GR,24,28458.184,1185.758,0.3,KG,3952.526666666667
2855,INTI HEBRAS OOLONG CHOCO MINT 300GR,3,77896.781,25965.594,0.3,KG,86551.98000000001
2856,INTI HEBRAS BE SWEET 300GR,3,77896.781,25965.594,0.3,KG,86551.98000000001
2857,SERNOVA CANDY GLOW 700ML,6,51991.839,8665.307,0.7,LT,12379.010000000002
2864,GOLDEN AGE ORANGE CURACAO 750ML,6,131838.893,21973.149,0.75,LT,29297.532000000003
2865,FERNET BRANCA 12X50ML,8,275375.904,34421.988,0.6,LT,57369.979999999996
2866,OLIOVITA SALSA BOLOGNESA 340GR,12,25551.679,2129.307,0.34,KG,6262.667647058823
2867,OLIOVITA SALSA BASILICO 340GR,12,25551.679,2129.307,0.34,KG,6262.667647058823
2868,OLIOVITA SALSA OLIVA 340GR,12,25551.679,2129.307,0.34,KG,6262.667647058823
2869,RUTINI MALBEC 375ML,12,176904.783,14742.065,0.375,LT,39312.17333333333
2870,CHIVAS REGAL CRYSTAL GOLD 750ML,6,508405.97,84734.328,0.75,LT,112979.10399999999
2872,OLIOVITA ACEITUNAS DESCAROZADAS 8.2 KG,1,16570.493,16570.493,8.2,KG,2020.7918292682928
2873,CALAVERA REPOSADO 750ML,6,330808.253,55134.709,0.75,LT,73512.94533333334
2874,INTI CAJA MADERA PIRAMIDE CERRADA,1,70692.98,70692.98,,,
2875,MERLE LONDON DRY 750ML,6,50145.481,8357.58,0.75,LT,11143.44
2879,OLIOVITA ACEITUNAS ENTERAS 8.2KG,1,14432.365,14432.365,8.2,KG,1760.044512195122
2880,AMANDE AVENA 1LTS,10,48612.96,4861.296,,,
2882,MERLE RIVER PLATE HERBAL 750ML,6,97813.98,16302.33,0.75,LT,21736.44
2883,MERLE RIVER PLATE CITRICO 750ML,6,97813.98,16302.33,0.75,LT,21736.44
2884,MERLE BOCA JUNIORS HERBAL 750ML,6,97813.98,16302.33,0.75,LT,21736.44
2885,MERLE BOCA JUNIORS CITRICO 750ML,6,97813.98,16302.33,0.75,LT,21736.44
2886,CRUZAT CUVEE BRUT 750ML,6,126508.803,21084.801,0.75,LT,28113.068
2887,PILSEN CALLAO PORRON 305ML,24,63223.721,2634.322,0.305,LT,8637.12131147541
2888,LEYENDA PERRO NEGRO ROSSO 700ML,6,481228.85,80204.808,0.7,LT,114578.29714285716
2889,CASALTA ALCOHOL ORGANICO PET 500ML,12,9787.208,815.601,0.5,LT,1631.202
2890,CASALTA MANZANA ORGANICO PET 500ML,12,21975.283,1831.274,0.5,LT,3662.548
2897,SAN PELLEGRINO ARACIATTA ROSSA 24X 330ML,24,106028.995,4417.875,7.92,LT,557.8125
2898,SAN PELLEGRINO LIMONATA 24X 330ML,24,106028.995,4417.875,7.92,LT,557.8125
2899,SAN PELLEGRINO POMPELMO 24X 330ML,24,106028.995,4417.875,7.92,LT,557.8125
2900,SAN PELLEGRINO AGUA TONICA 24X 330ML,24,106028.995,4417.875,7.92,LT,557.8125
2901,ACQUA PANNA PET S/GAS 24X 500ML,24,102465.001,4269.375,12.0,LT,355.78125
2902,SAN PELLEGRINO C/GAS (PET) 24X 500ML,24,102465.001,4269.375,12.0,LT,355.78125
2903,OLIOVITA ACEITUNAS EN RODAJAS 8.2KG,1,16570.493,16570.493,8.2,KG,2020.7918292682928
2904,CABRALES DG CAPPUCCINO X8 UNI,3,29010.96,9670.32,,,
2905,CABRALES DG CORTADO X10 UNI,3,18033.84,6011.28,,,
2906,CABRALES DG ESPRESSO X10 UNI,3,18033.84,6011.28,,,
2907,CABRALES DG LATTE X10 UNI,3,29010.96,9670.32,,,
2908,CABRALES DG LUNGO X10 UNI,3,18033.84,6011.28,,,
2909,BOMBAY SUNSET 700ML,6,468481.322,78080.22,0.7,LT,111543.17142857144
2910,FABRE MONTMAYOU TERRUÑO CAB. SAUV. 750ML,6,70901.59,11816.932,0.75,LT,15755.909333333335
2911,GORDONS TROPICAL FRUITS 700ML,6,95526.198,15921.033,0.7,LT,22744.332857142857
2912,AMANDE ALMENDRA 500ML,12,30579.12,2548.26,0.5,LT,5096.52
2913,ACONCAGUA POMELO 750ML,6,93652.2,15608.7,0.75,LT,20811.600000000002
2925,RUTINI FINCA CENTENARIA LA CONSULTA MALBEC 750ML,6,291599.352,48599.892,0.75,LT,64799.856
2932,SPEED UNLIMITED ZERO 250ML,24,33266.376,1386.099,0.25,LT,5544.396
2933,DR. LEMON VODKA 1LTS,12,38743.305,3228.609,,,
2934,DR. LEMON VODKA LATA 473ML,24,45333.82,1888.909,0.473,LT,3993.46511627907
2935,BEEFEATER BLACKBERRY 700ML,6,161201.725,26866.954,0.7,LT,38381.36285714286
2936,CERVEZA CORONA PORRON 330ML,24,59331.987,2472.166,0.33,LT,7491.412121212122
2937,RED BULL LATA 250ML,24,70794.0,2949.75,0.25,LT,11799.0
2938,ACQUA PANNA 15X 750ML,1,99680.622,99680.622,11.25,LT,8860.499733333334
2939,GOD BLESS YOU AGUA DE COCO 1LTS,8,65318.765,8164.846,,,
2940,MUMM LEGER DULCE 750ML,6,51309.689,8551.615,0.75,LT,11402.153333333334
2941,SCHNEIDER LIMON 473ML,24,44093.695,1837.237,0.473,LT,3884.221987315011
